Disagreements (Chiara Alignments) 669 TPS. 628 Unique TPS,,,"Disagreements (Farnoosh Alignments) 719 TPS, 680 Unique TPS",,,Source of disagreement,Text/Context,Further specifications,
GRC,ENG,Freq,,,,,,,
τὸν δ᾽,to him,1,τὸν,to him,1,6,2274166.0 || 1.121,pronominal equivalent (but Homeric use),
,,,δ᾽,0,1,,,,
τὸν δ᾽,him,1,τὸν,him,1,6,2274147.0 || 1.84,pronominal equivalent (but Homeric use),
,,,δ᾽,0,1,,,,
τὸν δ᾽,him,1,τὸν,to him,1,6,2274172.0 || 1.130,pronominal equivalent (but Homeric use),
,,,δ᾽,0,1,,,,
τὸν δ᾽,him,1,τὸν,to him,1,6,2274180.0 || 1.148,pronominal equivalent (but Homeric use),
,,,δ᾽,0,1,,,,
τὸν δ᾽,him,1,τὸν,him,1,6,2274191.0 || 1.172,pronominal equivalent (but Homeric use),
,,,δ᾽,0,1,,,,
τὸν δ᾽,Him,1,τὸν,Him,1,6,2274213.0 || 1.206,pronominal equivalent (but Homeric use),
,,,δ᾽,0,1,,,,
τὸ δὲ,this,1,τὸ,this,1,6,2274211.0 || 1.204,pronominal equivalent (but Homeric use),
,,,δὲ,0,1,,,,
τὸ δὲ,this thing,1,τὸ,this thing,1,6,2274218.0 || 1.212,pronominal equivalent (but Homeric use),
,,,δέ,and,1,,,,
τὸ δέ,this,1,τὸ,this,1,6,2274122.0 || 1.37-1.41,pronominal equivalent (but Homeric use),
,,,δέ,0,1,,,,
τὸ δέ,That,1,τὸ,That,1,6,2274229.0 || 1.228,pronominal equivalent (but Homeric use),
,,,δέ,0,1,,,,
τὸ μὲν,that,1,τὸ,that,1,6,2274234.0 || 1.234-1.236,pronominal equivalent (but Homeric use),
,,,μὲν,0,1,,,,
ἣ δ᾽,She,1,ἣ,She,1,6,2274226.0 || 1.221-1.222,pronominal equivalent (but Homeric use),
,,,δ᾽,0,1,,,,
τὴν δ᾽,her,1,τὴν,her,1,6,2274221.0 || 1.215,pronominal equivalent (but Homeric use),
,,,δ᾽,0,1,,,,
τὴν δ᾽,Her,1,τὴν,Her,1,6,2274116.0 || 1.29,pronominal equivalent (but Homeric use),
,,,δ᾽,0,1,,,,
τὴν μὲν,her,1,τὴν,her,1,6,2274199.0 || 1.182-1.187,pronominal equivalent (but Homeric use),
,,,μὲν,0,1,,,,
ταῖς μὲν,some,1,ταῖς μὲν,0,1,6,Cr.46c (2),pronominal equivalent,
τοῖσι δ᾽,and among them,1,τοῖσι,among them,1,9,2274155.0 || 1.101-1.103,,
,,,δ᾽,and,1,,,,
τὰ μὲν,whatever,1,τὰ,whatever,1,9,2274169.0 || 1.125-1.126,,
,,,μὲν,0,1,,,,
τὰ μὲν,The,1,τὰ,The,1,9,Xen. Cyrop. 1.2.3 (2),,
,,,μὲν,0,1,,,,
τοὺς δὲ,and some,1,τοὺς δὲ,some also,1,9,Xen. Cyrop. 1.1.1,"this disagreement is about the particle, not the article.",
τοὺς δὲ,others,1,τοὺς δὲ,still others,1,9,Xen. Cyrop. 1.1.3,,
τοὺς δὲ,others,1,τοὺς δὲ,others although,1,9,Xen. Cyrop. 1.1.3,I had to add τοὺς δὲ manually to my column because it was not in the dataset,
τοὺς μὲν,some,1,τοὺς μὲν,some of them,1,9,Xen. Cyrop. 1.1.3 (3),,
οἳ δ᾽,they,1,οἳ,they,1,6,2274134.0 || 1.57-1.58,pronominal equivalent,
,,,δ᾽,0,1,,,,
ὃ δέ,he,1,ὃ,he,1,6,2274177.0 || 1.139,pronominal equivalent,
,,,δέ,0,1,,,,
ὁ μὲν,the,1,ὁ ,the,1,9,Xen. Cyrop. 1.1.4,,
,,,μὲν,0,1,,,,
τὰ καθήκοντα,duty,1,τὰ,their,1,6,Xen. Cyrop. 1.2.5 (2),possessive use,
,,,καθήκοντα,duty,1,,,,
τά,0,1,τά,that,1,6,2274138.0 || 1.68-1.72,,
οἳ,on their part,1,οἳ,0,1,6,Xen. Cyrop. 1.2.5 (2),,
οἳ,0,1,οἳ,as,1,5,Xen. Cyrop. 1.2.5 (2),particle,
ἃ,what duties,1,ἃ,what,1,6,Xen. Cyrop. 1.2.5 (3),,
ὃ,which,1,ὃ,0,1,6,Cr.47e.4,,
ταῖς,certain,1,ταῖς,0,1,6,Xen. Cyrop. 1.2.4 (2),,
τὸ,A,1,τὸ,0,1,6,Cr.44b.1,,
τὸ,the one,1,τὸ,the,1,6,Xen. Cyrop. 1.2.10 (3),,
τὸ,the,1,τὸ,that,1,6,Xen. Cyrop. 1.2.10 (3),,
τὸ,0,1,τὸ,The,1,6,2274188.0 || 1.165-1.166,,
τοῦ,a,1,τοῦ,0,1,6,Cr.43b.2 (2),,
τοῦ,0,1,τοῦ,that,1,6,Cr.47b.2,,
τῶν,0,1,τῶν,of the,1,6,Cr.47c.3,,
οἱ,0,1,οἱ,who,1,6,Xen. Cyrop. 1.1.1 (1),,
τὴν,0,1,τὴν,their,1,6,Xen. Cyrop. 1.2.10 (3),possessive use,
τῶν,0,1,τῶν,This,1,6,2274185.0 || 1.160,,
τοὺς,0,1,τοὺς,the,1,6,2274201.0 || 1.188-1.192,,
ᾧ,0,1,ᾧ,him,1,6,Cr.47c.5,,
ὃ,0,1,ὃ,his,1,6,2274126.0 || 1.47,possessive use,
τοῦ,0,1,τοῦ,his,1,6,Xen. Cyrop. 1.1.4,,
τῷ παρόντι,our present situation,1,τῷ,our,1,6,Cr.46c (1),possessive use,
,,,παρόντι,present situation,1,,,,
με,0,1,με,I,1,6,Cr.43d.1,possessive use,
ἡ,the,1,ἡ,0,1,6,Xen. Cyrop. 1.2.10 (1),,
οἱ,your,1,οἱ ἐχθροί,enemies,1,6,Cr.45c (2),possessive use,
ἐχθροί,enemies,1,,,,,,,
τῶν,those,1,τῶν κτησαμένων,those who have gained their crowns,1,4+6,Xen. Cyrop. 1.1.4,participle,
κτησαμένων,who have gained,1,,,,,,,
πολλοὶ,people,1,οἱ πολλοὶ,the people,1,6,Cr.44d.2,substantivization,
οἱ,the,1,,,,,,,
τῶν,0,1,τῶν,the,1,6,Cr.44d.1,,
σε,0,1,σε,your,1,6,Cr.43d.2 (2),possessive use,
αὕτη,this,1,αὕτη,0,1,6,Xen. Cyrop. 1.2.1 (1),,
αὕτη,0,1,αὕτη,the,1,5,Xen. Cyrop. 1.2.10 (1),pronoun,
τὸν,itself,1,τὸν,0,1,6,Xen. Cyrop. 1.2.10 (1),,
πάνυ,very,1,πάνυ μὲν οὖν,Yes very,1,3,Cr.43a.2,,
οὖν,Yes,1,,,,,,,
πάνυ,very,1,πάνυ,only,1,5,Xen. Cyrop. 1.1.1 (2),,
ἐπιτηδείου,a friend,1,τοῦ ἐπιτηδείου,a friend,1,6,Cr.44b.3 (2),,
τοῦ,0,1,,,,,,,
ἐπιεικέστατοι,most reasonable men,1,οἱ ἐπιεικέστατοι,the most reasonable men,1,6,Cr.44c.1,substantivization,
οἱ,the,1,,,,,,,
τῇ,the,1,τῇ δεκάτῃ,on the tenth,1,6+8,2274131.0 || 1.53-1.54,substantivization,
δεκάτῃ,on tenth,1,,,,,,,
οἱ καλούμενοι,who are called,1,καλούμενοι,are called,1,6,Xen. Cyrop. 1.1.2 (1),substantivization,
,,,οἱ,who,1,,,,
ἀπειθοῦντος,who disobeys,1,τοῦ ἀπειθοῦντος,who disobeys,1,6,Cr.47c.3,substantivization/participle,
τοῦ,of the one,1,,,,,,,
κακὸν,harm,1,τὸ κακὸν,harm,1,6,Cr.47c.3,substantivization,
τὸ,0,1,,,,,,,
ὁ αὐτός,the same,1,αὐτός,same,1,6,Cr.46d (1),substantivization,
,,,ὁ,the,1,,,,
οἰομένων,who thought,1,τῶν οἰομένων,those who thought,1,6,Cr.46d (2),substantivization/participle,
τῶν,0,1,,,,,,,
τὸ,that,1,τὸ βέλτιον γιγνόμενον,which is benefited,1,6,Cr.47d.2,substantivization/participle,
γιγνόμενον,which is,1,,,,,,,
βέλτιον,benefited,1,,,,,,,
φοιτᾶν,come,1,τὸ φοιτᾶν,come,1,6,Cr.43a.6,substantivization/infinitive,
τὸ,0,1,,,,,,,
ἀγανακτεῖν,being disturbed,1,τὸ ἀγανακτεῖν,being disturbed,1,6,Cr.43c.1,substantivization/infinitive,
τὸ,0,1,,,,,,,
ἡμετέρᾳ,on our part,1,τῇ ἡμετέρᾳ,on our part,1,6,Cr. 45e.46a (1),substantivization,I added my entry manually because for some reason it was not appearing in the table. 
τῇ,0,1,,,,,,,
μὴ τῶν ἐπαϊόντων,of the ignorant,1,μὴ ἐπαϊόντων,of ignorant,1,6,Cr.47d.2,substantivization/participle,
,,,τῶν,the,1,,,,
παρειληφότων,who have inherited,1,τῶν παρειληφότων,those who have inherited,1,6,Xen. Cyrop. 1.1.4,substantivization/participle,
τῶν,those,1,,,,,,,
δ᾽,0,1,δ᾽,and,1,9,2274201.0 || 1.188-1.192,,
δ᾽,0,1,δ᾽,and,1,9,Xen. Cyrop. 1.2.6 (3),,
δέ,0,1,δέ,and,1,9,2274176.0 || 1.137-1.139,,
δέ,but,1,δέ,I,1,5,2274199.0 || 1.182-1.187,particle,
δέ,0,1,δέ,and,1,9,Xen. Cyrop. 1.2.7 (2),,
δέ,and,1,δέ,0,1,9,Xen. Cyrop. 1.2.2 (2),,
δὲ,And,1,δὲ,0,1,9,Cr.45d,,
δὲ,And,1,δὲ,0,1,9,Xen. Cyrop. 1.2.9,,
δὲ,and,1,δὲ,0,1,9,Xen. Cyrop. 1.2.8,,
δὲ,and,1,δὲ,0,1,9,Cr.44b.3 (2),,
δὲ,But,1,μὲν δὲ,But,1,9,Xen. Cyrop. 1.2.4,,
δὲ,for,1,δὲ,0,1,9,Cr.44d.1,,
δὲ,for,1,δὲ,0,1,9,Xen. Cyrop. 1.2.7 (3),,
δ᾽,but,1,μὲν δ᾽,but,1,9,Xen. Cyrop. 1.1.4,,
δ᾽,but,1,μὲν δ᾽,but,1,9,2274131.0 || 1.53-1.54,,
μὲν,0,1,μὲν,And,1,9,Cr.48a.4 (2),,
μὲν,0,1,μὲν,and,1,9,2274201.0 || 1.188-1.192,,
αὐτὰρ,0,1,αὐτὰρ,while,1,9,2274174.0 || 1.133-1.134,,
δέ,while,1,δέ,0,1,9,2274174.0 || 1.133-1.134,,
δὲ,whereas,1,μὲν δὲ,whereas,1,9,Cr.46d (1),,
μὲν,0,1,,,,,,,
μὲν,0,1,μὲν δὲ,either or,1,9,Xen. Cyrop. 1.1.1 (1),,
οἱ δὲ,they,1,οἱ,they,1,6,Xen. Cyrop. 1.1.1,pronominal use,
μᾶλλον δὲ,or rather,1,μᾶλλον,rather,1,9,Cr. 45e.46a (3),,
,,,δὲ,or,1,,,,
οὐ οὐ οὔ οὔτέ,0,1,οὐ οὐ οὔ οὔτέ,either or or or,1,5,2274161.0 || 1.113-1.115,repetition,
οὐ δ᾽,nor,1,οὐ,nor,1,9,2274151.0 || 1.93-1.96,,
,,,δ᾽,0,1,,,,
οὐ δ᾽,nor,1,οὐ,nor,1,9,2274197.0 || 1.179-1.181,,
,,,δ᾽,0,1,,,,
οὐ δ᾽,nor,1,οὐ,nor,1,9,2274234.0 || 1.234-1.236,,
,,,δ᾽,0,1,,,,
οὐ δέ,nor,1,δέ,0,1,9,2274173.0 || 1.131-1.132,,
,,,οὐ οὐ,not nor,1,9,,,
οὐ,not,1,,,,,,,
οὐ δέ,nor,1,οὐ,nor,1,9,2274183.0 || 1.154-1.157,,
,,,δ᾽,0,1,,,,
οὐ δέ,nor,1,οὐ,nor,1,9,2274190.0 || 1.169-1.171,,
,,,δ᾽,0,1,,,,
οὐ δὲ,nor,1,οὐ,nor,1,9,2274251.0 || 1.262-1.265,,
,,,δὲ,0,1,,,,
οὔ τ᾽,nor,1,οὔ,nor,1,9,2274159.0 || 1.107-1.108,,
,,,τ᾽,0,1,,,,
καὶ οὐκ,nor,1,οὐκ,nor,1,9,2274151.0 || 1.93-1.96,,
,,,καὶ,0,1,,,,
οὐδὲ,and not,1,οὐδὲ,not,1,9,Cr.47a,,
οὐδὲ,not even,1,οὐδὲ,not,1,9,Cr.45c (2),,
οὐκ,0,1,οὐκ,not,1,9,Cr.48a.4 (1),,
οὔτε οὔτε,not or,1,οὔτε,not,1,9,Cr.44d.2,,
οὐ δέ,nothing,1,οὐ τί,nothing,1,9,2274168.0 || 1.124,,
τί,0,1,δέ,0,1,9,,,
ὄφρα μὴ,lest,1,ὄφρα,lest,1,9,2274164.0 || 1.118-1.119,,
,,,μὴ,0,1,,,,
οὐ πώποτ᾽,Never,1,πώποτ᾽,ever,1,9,2274183.0 || 1.154-1.157,,
,,,οὐ,Never,1,9,,,
οὐχ ὁρᾷς,don t you see,1,ὁρᾷς,you see,1,9,Cr.45a.2 (2),,
,,,οὐχ,don t,1,,,,
μὴ οὐχὶ,0,1,μὴ οὐχὶ,in the least,1,9,Cr.43c.1,,
οὐδὲ,not,1,οὐδὲ,not even,1,9,Cr.45a.2 (1),,
ἵνα μὴ,not to,1,ἵνα,to,1,9,Cr.47c.5,had to add μὴ manually because it was not in the dataset,
,,,μὴ ,not,1,,,,
οὔτε,nor,1,οὔτε οὔτε,neither nor,1,9,Xen. Cyrop. 1.1.3 (2),,
μὴ οὔτε,neither,1,,,,,,,
μήτε,not,1,μήτε,And not,1,9,Cr.45 (2),,
καὶ,or,1,καὶ,0,1,9,Xen. Cyrop. 1.2.10 (2),,
καὶ,too,1,τε καὶ,not only but,1,9,Xen. Cyrop. 1.2.10 (1),,
τε,0,1,,,,,,,
καὶ,too,1,καὶ,0,1,9,Xen. Cyrop. 1.2.9 (1),,
καὶ,0,1,καὶ,too,1,9,2274136.0 || 1.62-1.67,,
τ᾽,too,1,τ᾽,0,1,9,2274136.0 || 1.62-1.67,,
καὶ,and,1,καὶ,0,1,9,Cr.45b,,
καὶ,0,1,καὶ,and,1,9,Cr.44b.3,,
καὶ,0,1,καὶ,And,1,9,Cr.45d (1),,
καὶ,0,1,καὶ,both,1,9,Cr. 45e.46a (1),I haven't been able to figure out where this is,
καὶ,0,1,καὶ,or,1,9,Xen. Cyrop. 1.1.6 (2),,
καὶ,and,1,τε καὶ,both and,1,9,Cr. 45e.46a (1),,
τε,0,1,,,,,,,
καὶ,0,1,καὶ,also,1,9,Cr.44d.2,,
καὶ,even,1,καὶ,0,1,9,Cr.45a.2 (1),,
καὶ,quite,1,καὶ,0,1,9,Cr. 45e.46a (1),,
καὶ,0,1,καὶ,moreover,1,9,Xen. Cyrop. 1.1.1 (1),conjunction as particle?,
θ᾽,the,1,θ᾽,0,1,9,2274113.0 || 1.22-1.23,,
καί,Then,1,καί,0,1,9,2274208.0 || 1.201,,
καί ποτέ,Hereafter,1,ποτέ,Hereafter,1,9,2274219.0 || 1.213-1.214,,
καὶ,and,1,καὶ,truly,1,9,2274218.0 || 1.212,,
τε,just,1,τε,0,1,9,Cr.45c (2),,
καὶ,even,1,καὶ,0,1,9,Xen. Cyrop. 1.1.1 (2),,
καὶ,also,1,καὶ,and,1,9,Xen. Cyrop. 1.1.1 (2),,
καὶ,rather,1,καὶ,0,1,9,Xen. Cyrop. 1.1.1 (2),,
καὶ,so,1,καὶ,0,1,9,Xen. Cyrop. 1.1.4,,
καὶ γάρ,But,1,γάρ,But,1,9,Xen. Cyrop. 1.1.4,,
,,,καὶ,0,1,,,,
ὅτι,that,1,ὅτι,which,1,5,Cr.47e.4,particle,
ὅτι,0,1,ὅτι,whatever,1,5,Cr.44d.2,particle,
τοῦτο,this,1,τοῦτο πρὸς θεῶν,In God s name,1,5,Cr.46e,,
πρὸς θεῶν,In God s name,1,,,,,,,
τοῦτο,this,1,τοῦτο,0,1,5,Cr.45b,omission,
τοῦτο,this,1,τοῦτο,in this,1,8,Cr.47c.5,accusative / determiner,
ὧν,over which,1,τούτων,over which,1,5,Xen. Cyrop. 1.1.2 (1),pronoun,
κατ᾽,down,1,κατ᾽ ἕζετο,he sat down,1,2,2274137.0 || 1.68,,
ἕζετο,he sat,1,,,,,,,
κατ᾽,down,1,κατ᾽ ἕζετο,he sat down,1,2,2274154.0 || 1.101,,
ἕζετο,he sat,1,,,,,,,
γὰρ,0,1,γὰρ,for,1,9,2274203.0 || 1.195-1.196,,
ἦσαν,they might be,1,οἷοί τ᾽ ἦσαν,they might be able,1,3,Cr.44d.2,,
οἷοί,able,1,,,,,,,
τ᾽,0,1,,,,,,,
οἷόν τε,though,1,οἷόν τε ὂν,it was possible,1,3,Cr. 45e.46a (1),,
ὂν,0,1,,,,,,,
ὅς κε,Whoever,1,ὅς,Whoever,1,9,2274224.0 || 1.218,,
,,,κε,0,1,,,,
ἠδ᾽,0,1,ἠδ᾽,and,1,9,2274244.0 || 1.250-1.252,,
κέ ποθι,ever,1,ποθι,ever,1,9,2274171.0 || 1.127-1.129,ἄν,
,,,κε,0,1,,,,
τοῦδ᾽ ἕνεκά,for this reason,1,τοῦδ᾽,this,1,3,2274160.0 || 1.109-1.113,,
,,,ἕνεκά,for,1,,,,
ᾗ ἂν,0,1,ᾗ ἂν,as,1,9,Cr.47b.4,ἄν,
ὡς,the fact that,1,ὡς,0,1,9,Cr. 45e.46a (1),,
ὡς ἥδιστα,as pleasantly as possible,1,ἥδιστα,as pleasantly as possible,1,3,Cr.43b.2 (1),,
,,,ὡς,0,1,,,,
ὡς,to,1,ὡς,0,1,9,Xen. Cyrop. 1.1.2,,
ὡς,to,1,ὡς,0,1,9,Xen. Cyrop. 1.1.2,,
ὡς,that,1,ὡς,as,1,5,Xen. Cyrop. 1.1.3 (1),particle,
ὡς,0,1,ὡς,though,1,9,Cr.43c.3,,
ὡς,0,1,ὡς,which,1,5,Cr. 45b,particle,
οὐ μὰ,No no,1,οὐ,No,1,9,Cr.43b.2 (1),,
τὸν Δία,by Zeus,1,μὰ τὸν Δία,by Zeus,1,9+3,Cr.43b.2 (1),,
τι,0,1,τι,because,1,5,Cr.45b,particle,
οἷοί εἶναι,could,1,οἷοί τ᾽ εἶναι,could,1,9+3,Cr.44d.2,,
τ᾽,0,1,,,,,,,
τι,in some way,1,τι,some,1,8,Cr.44e.1 (1),accusative / determiner,
ἂν ἕλοιτο,would choose,1,ἕλοιτο,would choose,1,9,Cr.45d (2),ἄν,
ἅπερ,as,1,ἅπερ ἂν,as,1,9,Cr.45d (2),ἄν,
εἴ τί,whether,1,εἴ,whether,1,9,Cr.46d (1),pronoun,
,,,τί,0,1,,,,
ἂν,when,1,ἂν,0,1,9,Xen. Cyrop. 1.2.6 (3),ἄν,
τι,any,1,τι,for any,1,8,Xen. Cyrop. 1.2.9 (1),accusative / determiner,
ὅπως ἂν,that,1,ὅπως,that,1,9,Xen. Cyrop. 1.2.10 (1),ἄν,
ὅπου ἂν,whenever,1,ὅπου,whenever,1,9,Xen. Cyrop. 1.2.10 (2),ἄν,
προσέφη,to spoke,1,προσέφη,spoke,1,2,,,
προσέφη,spoke to,1,προσέφη,spoke,1,2,,,
προσέφη,to spoke,1,προσέφη,spoke,1,2,,,
προσέφη,to spoke,1,προσέφη,spoke,1,2,,,
ἐὺ φρονέων,with good intent,1,ἐὺ,good,1,3,2274139.0 || 1.73,,
,,,φρονέων,with intent,1,,,,
ἐὺ φρονέων,with good intent,1,ἐὺ,good,1,3,2274245.0 || 1.253,,
,,,φρονέων,with intent,1,,,,
μηρί᾽,0,1,μηρί᾽,thigh-pieces,1,4,,,
ἤϊε,0,1,ἤϊε,coming,1,4,,,
κέν ἀντιάσας,0,1,κέν ἀντιάσας,he may accept,1,9,,,
ἦ,0,1,ἦ,that,1,5,,omission,
σὺ,you,1,σὺ,0,1,5,,particle,
σὺ,you,1,σὺ,you some,1,5,,,
αὔτως,0,1,αὔτως,idly,1,4,,,
ἑκηβόλος,who strikes from afar,1,ἑκηβόλος,the god who strikes from afar,1,4,,,
ἑκηβόλος,who strikes from afar,1,ἑκηβόλος,the god who strikes from afar,1,4,,,
ὁμῶς,for,1,ὁμῶς,alike,1,9,,,
,,,ὁμῶς,0,1,,,,
θεὰ,goddess,1,θεὰ,The goddess,1,6,,,
θεὰ,goddess,1,θεὰ,The goddess,1,,,,
πρὸ,forth,1,πρὸ ἧκε,had sent forth,1,2,,,
ἧκε,had sent,1,,,,,,,
πρὸ,forth,1,πρὸ ἧκε,sent forth,1,2,,,
ἧκε,sent,1,,,,,,,
ἄμφω,both,1,ἄμφω,you both,1,9,,,
ἄμφω,both,1,ἄμφω,both of you,1,9,,,
ἄμφω,both men alike,1,ἄμφω,both men,1,9,,,
ἔστι,is true,1,ἔστι,is,1,4,,,
ἔστι,is true,1,ἔστι,is,1,4,,,
τυραννεῖν,0,1,τυραννεῖν,absolute power,1,4,,,
δημοκρατίᾳ,0,1,δημοκρατίᾳ,a republican,1,4,,,
οὐδὲ δυναμένους,0,1,οὐδὲ δυναμένους,unable,1,4,,,
βέλτιον,benefited,1,βέλτιον ἐγίγνετο,is benefited,1,6,,,
ἐγίγνετο,is,1,,,,,,,
ἔτι,And,1,δὲ,And,1,9,,,
,,,ἔτι,then,1,9,,,
ἑαυτοῦ,his own,1,ἑαυτοῦ,own,1,6,,,
ἑαυτοῦ,his own,1,ἑαυτοῦ,own,1,6,,,
τοὺς,0,1,τοὺς,his,1,6,,possessive use,
φύσιν,natural,1,φύσιν,natural endowments,1,4,,,
φύσιν,natural,1,φύσιν,the natural endowments,1,4,,,
ἕνεκα,for the sake,1,ἕνεκα,for the sake of,1,9,,preposition in Engish,
ἕνεκα,for the sake,1,ἕνεκα,for the sake of,1,9,,preposition in Engish,
συμβάλλεται,it conduces,1,συμβάλλεται,conduces,1,7,,,
συμβάλλεται,it conduces,1,συμβάλλεται,conduces,1,7,,,
Ἀχαιοῖς,upon the Achaeans,1,Ἀχαιοῖς,the Achaeans,1,8,,dative,
ἡρώων,of heroes,1,ἡρώων,heroes,1,8,,genitive,
ἔθηκε,brought,1,ἔθηκε,brought upon,1,2,,,
προΐαψεν,sent forth,1,προΐαψεν,sent forth to,1,2,,,
Ἄϊδι,to Hades,1,Ἄϊδι,Hades,1,8,,dative,
αὐτοὺς,them,1,αὐτοὺς,them themselves,1,6,,,
μάχεσθαι,to contend,1,ἔριδι,0,1,4,,,
μάχεσθαι,0,1,ἔριδι,to contend,1,4,,,
νοῦσον,pestilence,1,νοῦσον,an pestilence,1,6,,,
ἀρητῆρα,had wrought dishonour,1,ἀρητῆρα,priest,1,5,,,
ἠτίμασεν,priest,1,ἠτίμασεν,upon had wrought dishonour,1,5,,omission/particle,
Ἀτρεΐδα,the sons of Atreus,1,Ἀτρεΐδα,sons of Atreus,1,6,,,
δύω,two,1,δύω,the two,1,6,,,
ἔχων,held,1,ἔχων,he held,1,7,,participle,
ἁζόμενοι,out of reverence,1,ἁζόμενοι,out of reverence for,1,2,,,
ἐμοὶ,my,1,ἐμοὶ,to me,1,8,,dative,
ἱερῆα,priest,1,ἱερῆα,the priest,1,6,,,
ἔτελλε,laid upon,1,ἐπὶ ἔτελλε,laid upon,1,2,,tmesis,
ἥνδανε,did please,1,ἥνδανε,please,1,10,,,
πῶς γὰρ οὔ,0,1,πῶς γὰρ οὔ,Of course,1,3,Cr.47c.2,,
ἡ βουλὴ ἐστιν,0,1,ἡ βουλὴ ἐστιν,are considering,1,3,,,
μή νύ,lest,1,μή νύ,0,1,5,,,
ἐποιχομένην,as she walks to and fro,1,ἐποιχομένην,as she walks to and fro before,1,2,,,
ἐρέθιζε,do anger,1,ἐρέθιζε,anger,1,10,,,
σαώτερος,the safer,1,σαώτερος,safer,1,6,,,
ἔκηα,I burned,1,κατὰ ἔκηα,I burned,1,2,,tmesis,
χαρίεντ᾽,to pleasing,1,χαρίεντ᾽,pleasing,1,4,,,
Σμινθεῦ,Sminthian,1,Σμινθεῦ,Sminthian god,1,4,,,
τοι,your,1,τοι,to your,1,8,,dative,
Τενέδοιό,over Tenedos,1,Τενέδοιό,Tenedos,1,8,,genitive,
ἀνάσσεις,rule,1,ἀνάσσεις,rule over,1,2,,,
τίσειαν,let pay,1,τίσειαν,let pay for,1,2,,,
καρήνων,from the peaks,1,καρήνων,the peaks,1,8,,gentiive,
κατ᾽,Down,1,κατ᾽,Down from,1,9,,,
ἐοικώς,like,1,ἐοικώς,was like,1,10,,,
ἕηκε,let,1,μετὰ ἕηκε,let fly,1,2,,tmesis,
μετὰ,0,1,,,,,,,
ἰὸν,fly,1,ἰὸν,an arrow,1,5,,,
αὐτοῖσι,themselves,1,αὐτοῖσι,on the men themselves,1,8+6,,dative,
ὁμηγερέες,together,1,ὁμηγερέες γένοντο,gathered together,1,6,,,
γένοντο,gathered,1,,,,,,,
εἴ κεν φύγοιμεν,should we escape,1,κεν φύγοιμεν,should we escape,1,9,,ἄν,
,,,εἴ,0,1,,,,
εἴποι,might say,1,κ᾽ εἴποι,might say,1,9,,ἄν,
ἐπιμέμφεται,finds fault,1,ἐπιμέμφεται,finds fault with,1,2,,,
εὐχωλῆς,with a vow,1,εὐχωλῆς,a vow,1,8,,genitive,
ἀμῦναι,to ward off,1,ἀμῦναι,ward off,1,1,,infinitive,
ἤτοι,When,1,ἤτοι,0,1,9,,,
ἄρ᾽,0,1,ἄρ᾽,When,1,9,,,
ἣν,his own,1,ἣν,his,1,6,,,
πόρε,upon,1,πόρε,had bestowed upon,1,10+2,,,
ἡγήσατ᾽,had guided,1,ἡγήσατ᾽,who had guided,1,7,,,
ἐσσόμενα,that were to be,1,ἐσσόμενα,were to be,1,7,,participle,
ἀγορήσατο,addressed,1,ἀγορήσατο,addressed the gathering,1,4,,,
χερσὶν,with might of hand,1,χερσὶν,with hand,1,8,,dative,
ἀναφαίνεις,you reveal,1,ἀναφαίνεις,you reveal to,1,2,,,
ἐποίσει,shall lay,1,ἐποίσει,shall lay on,1,2,,,
Δαναοῖσι,to the Danaans,1,Δαναοῖσι,the Danaans,1,8,,dative,
οὐ,0,1,οὐ μὰ Ἀπόλλωνα,by Apollo,1,9+3,,,
Ἀπόλλωνα,Apollo,1,,,,,,,
μὰ,by,1,,,,,,,
σοὶ,on you,1,σοὶ,you,1,8,,dative,
ἀπέλυσε,did release,1,ἀπέλυσε,release,1,10,,,
ἕνεκ᾽,because,1,ἕνεκ᾽,because of,1,9,,,
ἀρητῆρος,of the priest,1,ἀρητῆρος,the priest,1,8,,genitive,
τοὔνεκ᾽,For this cause,1,τοὔνεκ᾽,For this,1,9,,,
δόμεναι,we give,1,ἀπὸ δόμεναι,we give back to,1,2,,,
ἀπὸ,back to,1,,,,,,,
ὀσσόμενος,0,1,ὀσσόμενος,his look threatened,1,4,,participle,
μένεος,With rage,1,μένεος,rage,1,8,,genitive,
πίμπλαντ᾽,was wholly filled,1,πίμπλαντ᾽,With was filled,1,4+2,,,
μέγα,0,1,μέγα,wholly,1,4,,,
τὸ κρήγυον,pleasant thing,1,τὸ κρήγυον,a pleasant thing,1,6,,substantivization/participle,
θεοπροπέων,0,1,θεοπροπέων,in prophecy,1,5,,omission,
κούρης,for the girl,1,κούρης,the girl,1,8,,genitive,
σφιν,upon them,1,σφιν,them,1,8,,dative,
τεύχει,brings,1,τεύχει,brings upon,1,2,,,
ἑθέν,her,1,ἑθέν,to her,1,8,,accusative,
Κλυταιμνήστρης,Clytemnestra,1,Κλυταιμνήστρης,to Clytemnestra,1,8,,genitive,
ἔμμεναι,be safe,1,ἔμμεναι,be,1,5,,,
σῶν,0,1,σῶν,safe,1,5,,omission,
γέρας,a prize of honour,1,γέρας,a prize,1,4,,,
ἔω,I be,1,ἔω,be,1,7,,,
ἑτοιμάσατ᾽,provide with,1,ἑτοιμάσατ᾽,provide,1,2,,,
ἠμείβετ᾽,In answer spoke,1,ἠμείβετ᾽ ἔπειτα,In answer spoke,1,2,,tmesis,
ἔπειτα,Besides,1,,,,,,,
πολλά,a hoard of wealth,1,πολλά,0,1,4,,,
κείμενα,0,1,κείμενα,a hoard,1,4,,participle,
ξυνήϊα,in common,1,ξυνήϊα,wealth in common store,1,4,,,
ἐπέοικε,it is seemly,1,ἐπέοικε,seemly,1,5,,omission,
λαοὺς,the army,1,λαοὺς,from the army,1,8,,accusative,
Τροίην,Troy,1,Τροίην,of Troy,1,8,,accusative,
αὐτὰρ,and,1,αὐτὰρ,0,1,9,,,
ἐὼν,are,1,ἐὼν,you are,1,7,,participle,
ἄρσαντες,suiting,1,ἄρσαντες,suiting it,1,1,,participle/direct object,
ἑλών,bear away,1,ἑλών,will seize,1,4,,participle,
ἄξω,I will seize,1,ἄξω,I bear away,1,4,,,
ἑκάεργον,who strikes from afar,1,ἑκάεργον,the god who strikes from afar,1,4,,,
ἀνδρῶν,men,1,ἀνδρῶν,of men,1,8,,genitive,
ῥέξας,by offering,1,ῥέξας,offering,1,4,,participle,
πάντων,of all,1,πάντων,all,1,8,,genitive,
ὑπόδρα,from beneath,1,ὑπόδρα,from beneath brows,1,4,,,
τίς,any man,1,τίς,any,1,6,,,
ἐδηλήσαντ᾽,did they lay waste,1,ἐδηλήσαντ᾽,they lay waste,1,10,,,
μάλα πολλὰ,many things,1,πολλὰ,many,1,4,,,
μεταξὺ,between,1,μεταξὺ,lie between,1,9,,,
ποτ᾽,ever,1,0,0,1,9,,,
ἀναιδὲς,shameless one,1,ἀναιδὲς,shameless,1,4,,,
ἀφαιρήσεσθαι,will take,1,ἀφαιρήσεσθαι,will take away,1,2,,,
ἔχω,I,1,ἔχω,have I,1,5,,,
ἔρχομ᾽,take,1,ἔρχομ᾽,0,1,5,,omission,
ἴμεν,return,1,ἴμεν,to return,1,4,,,
μάλ᾽,then,1,0,0,1,9,,,
ἐμεῖο,my sake,1,ἐμεῖο,my,1,6,,,
εἵνεκ᾽,for,1,εἵνεκ᾽,for sake,1,9,,,
ἔδωκεν,gave,1,ἔδωκεν,who gave,1,7,,,
ἄνασσε,lord it over,1,ἄνασσε,lord over,1,1,,direct object,
στυγέῃ,may shrink,1,στυγέῃ,may shrink from,1,2,,,
ὁμοιωθήμεναι,likening to,1,ὁμοιωθήμεναι,likening,1,2,,,
ἐγὼ,I,1,ἐγὼ,but,1,5,I added my entry manually because for some reason it was not appearing in the table. ,,
ἀφαιρεῖται,takes from,1,ἀφαιρεῖται,takes,1,2,,,
ἔμ᾽,me,1,ἔμ᾽,from me,1,8,,accusative,
μερμήριξεν,was divided,1,διάνδιχα μερμήριξεν,was divided,1,4,,,
ἐρυσσάμενος,should draw,1,ἐρυσσάμενος,draw,1,10,,participle,
ἐτράπετ᾽,turned,1,μετὰ ἐτράπετ᾽,turned around,1,2,,,
μετὰ,around,1,,,,,,,
μετὰ,0,1,μετὰ,to,1,5,,omission,
τέκος,daughter,1,τέκος,0,1,5,,omission,
ἐρέω,I will tell,1,ἔκ ἐρέω,I will tell,1,2,,tmesis,
ποτε,presently,1,τάχ᾽,presently,1,5,,omission,
χειρί,with hand,1,χειρί,with your hand,1,4,,,
ἕλκεο,do grasp,1,ἕλκεο,grasp,1,10,,,
ὕβριος,of arrogance,1,ὕβριος,arrogance,1,8,,genitive,
εἵνεκα,on account,1,εἵνεκα,on account of,1,9,,preposition in English,
ἀπαμειβόμενος,In answer,1,ἀπαμειβόμενος,In answer to,1,2,,,
κεχολωμένον,angered a man be,1,κεχολωμένον,angered be,1,7,,participle,
ἄμεινον,better,1,ἄμεινον,is it better,1,4,,implicit construct,
φέρτερόν,0,1,φέρτερόν,better,1,5,,omission,
πλεῖον,0,1,πλεῖον,brunt,1,4,,,
αἴτιοί εἰσιν,0,1,αἴτιοί εἰσιν,they have done wrong,1,3,,,
ἐπιειμένε,0,1,ἐπιειμένε,clothed in,1,4,,,
κοτέοντος,0,1,κοτέοντος,wrath,1,4,,participle,
ξίφος,the sword,1,ξίφος,sword,1,6,,,
ἀπίθησε,did disobey,1,ἀπίθησε,disobey,1,10,,,
Οὔλυμπον,to Olympus,1,Οὔλυμπον,Olympus,1,8,,accusative,
βεβήκει,returned,1,βεβήκει,returned to,1,2,,,
δαίμονας,the gods,1,δαίμονας,of the gods,1,8,,accusative,
ἔχων,with,1,ἔχων,0,1,4,,participle,
ἔχων,0,1,ἔχων,take,1,,,,
θυμῷ,courage,1,θυμῷ,0,1,5,,omission,
τέτληκας,0,1,τέτληκας,have you had courage,1,4,,participle,
ἂν λωβήσαιο,0,1,ἂν λωβήσαιο,would be insolence,1,4+9,,,
φύσει,0,1,φύσει,shall put forth,1,5,,,
εἴδεται,seems,1,εἴδεται,seems as,1,2,,,
σέθεν,to you,1,σέθεν,you,1,8,,accusative,
ἀντίον,contrary,1,ἀντίον,contrary to,1,9,,,
ἐρέω,I will speak out,1,ἔκ ἐρέω,I will speak out,1,2,,tmesis,
ἀναθηλήσει,shall it again grow green,1,ἀναθηλήσει,shall it grow green,1,2,,,
οὔ ποτε,never,1,οὔ ποτε,never more,1,9,,,
ἔλεψε,has stripped,1,περὶ ἔλεψε,has stripped on all sides,1,2,,tmesis,
φύλλά,leaves,1,φύλλά,of leaves,1,8,,accusative,
εἰρύαται,that come,1,εἰρύαται,who guard,1,5,,,
δικασπόλοι,judges,1,δικασπόλοι,when they act as judges,1,4,,,
φορέουσι,when they act,1,φορέουσι,carry,1,4,,participle,
Ἀχιλλῆος,for Achilles,1,Ἀχιλλῆος,Achilles,1,8,,genitive,
ποθὴ,a longing,1,ποθὴ,a longing for,1,1,,prepositional construct but not verbal,
πίπτωσι,shall fall,1,ἂν πίπτωσι,shall fall,1,9,,ἄν,
ἔτισας,you did honour to,1,ἔτισας,you honour,1,10 + 2,,participle,
ἔνδοθι,within,1,ἔνδοθι,within you,1,9,,,
ἥλοισι,with nails,1,ἥλοισι,nails,1,8,,dative,
πεπαρμένον,studded,1,πεπαρμένον,studded with,1,2,,,
ἑτέρωθεν,against,1,ἑτέρωθεν,over against,1,9,,,
ἐμήνιε,continued to vent,1,ἐμήνιε,continued to vent wrath,1,4,,,
λιγὺς,clear-voiced,1,λιγὺς,the clear-voiced,1,6,,,
ἀγορητής,the orator,1,ἀγορητής,orator,1,6,,,
τράφεν,reared,1,τράφεν,had been born,1,4,,,
ἐγένοντο,had been born,1,ἐγένοντο,reared,1,4,,,
Ἀχαιΐδα,Achaea,1,Ἀχαιΐδα,of Achaea,1,8,,accusative,
πόποι,Comrades,1,πόποι,0,1,4,,,
Τρῶες,the Trojans,1,Τρῶες,of the Trojans,1,8,,nominative,
πυθοίατο,hear,1,πυθοίατο,they hear,1,7,,,
περὶ,in,1,περὶ ἐστὲ,are chief,1,4+2,,,
ἐστὲ,are,1,,,,4+2,,,
περὶ,0,1,περὶ,their,1,5,,particle,
σφῶϊν,you two,1,σφῶϊν,of you two,1,8,,genitive,
μάχεσθαι,war,1,μάχεσθαι,in war,1,4,,infinitive use,
βουλὴν,counsel,1,βουλὴν,in counsel,1,8,,accusative,
πίθεσθ᾽,Listen to me,1,πίθεσθ᾽,Listen,1,2,,,
ἐστὸν,you are,1,ἐστὸν,are,1,7,,,
ἀθέριζον,did despise,1,ἀθέριζον,despise,1,10,,,
ὑμῖν,than you,1,ὑμῖν,you,1,8,,dative ,
ἠέ,0,1,ἠέ,than,1,5,,particle,
ἐμάχοντο,they fought,1,ἐμάχοντο,with they fought,1,2,,,
καρτίστοις,with the mightiest,1,καρτίστοις,the mightiest,1,8,,dative,
αἰσχύνομαι,I am afraid,1,αἰσχύνομαι,am shamed,1,4+7,,,
ἀγὼν τῆς δίκης,trial,1,ἀγὼν,trial,1,3,,,
τινὶ,a sort of,1,τινὶ,sort of,1,6,,,
δοκεῖν,think,1,δοκεῖν,will think,1,10,,infinitive,
δυνατὸν,possible,1,δυνατὸν,quite,1,5,,,
δόξῃ,people will think that,1,δόξῃ,will think,1,7+2,,,
ἐσώσαμεν,we did save,1,ἐσώσαμεν,we save,1,10,,participle,
κακίᾳ,base,1,κακίᾳ,0,1,5,,omission,
ὅρα,Take care that,1,ὅρα,Take care,1,2,,,
ταῦτα,these things,1,ταῦτα,0,1,5,,omission,
μία,just one possible,1,μία,just one,1,4,,,
ἔτι,any longer,1,ἔτι,0,1,9,,,
οἷόν τε,it can,1,οἷόν τε,it can be done,1,10,,,
δεῖ,must,1,δεῖ,must be,1,10,,,
πεπρᾶχθαι,be done,1,πεπρᾶχθαι,done,1,10,,infinitive / passive,
ὥρα,it is time,1,ὥρα,time,1,7,,,
οὖν,0,1,οὖν,at any rate,1,9,,,
φροντίζειν,0,1,φροντίζειν,considering,1,4,,infinitive use,
βαθύς,Just,1,ὄρθρος βαθύς,Just before dawn,1,4,,,
ὄρθρος,before dawn,1,,,,4,,,
συνήθης,used to,1,συνήθης,used,1,2,,,
μοί,me,1,μοί,to me,1,8,,dative,
ἐπιεικῶς,little,1,ἐπιεικῶς,0,1,4,,,
παρακάθησαι,sitting,1,παρακάθησαι,sitting by,1,2,,,
ἐπήγειράς,did you wake,1,ἐπήγειράς,you wake,1,10,,,
ἀλλὰ,instead of,1,ἀλλὰ,instead,1,9,,,
θαυμάζω,I have been wondering at,1,θαυμάζω,I have been wondering,1,2,,,
σοῦ,you,1,σοῦ,at you,1,8,,genitive,
οὐκ ἤγειρον,refrained from waking,1,οὐκ ἤγειρον,I refrained from waking,1,7,,,
πολὺ μάλιστα,more than ever,1,μάλιστα,more than ever,1,3,Cr.43b.2 (2),,
ἐν,throughout,1,ἐν παντὶ,throughout,1,9,,,
παντὶ,hitherto,1,,,,4,,,
πρότερον,0,1,πρότερον,hitherto,1,9,,,
τρόπου,of disposition,1,τρόπου,of a disposition,1,6,,,
ἀγανακτεῖν,were disturbed,1,ἀγανακτεῖν,disturbed,1,10,,infinitive,
ἐπιλύεται,does prevent,1,ἐπιλύεται,prevent from,1,10 + 2,,,
ἐπιτηδείοις,friends,1,τοῖς ἐπιτηδείοις,friends,1,6,,,
δοκεῖν μοι,I think,1,δοκεῖν,think,1,3,Cr.43d.2 (1),verbal construct,
,,,μοι,I,1,,,,
αὔριον,tomorrow,1,εἰς αὔριον,tomorrow,1,3,Cr.43d.2 (2),,
οἶμαι,I do think,1,οἶμαι,I think,1,10,,,
τῆς ἑτέρας,0,1,τῆς ἑτέρας,tomorrow,1,5,,,
τεκμαίρομαι,0,1,τεκμαίρομαι,my reason is,1,4,,,
ταύτῃ,so,1,ταύτῃ,it,1,5,,particle,
ἔστω,be it,1,ἔστω,be,1,7,,,
τούτων,of these matters,1,τούτων,of these,1,6,,,
φασί,say,1,φασί,those say,1,7,,,
τοι,those,1,τοι,0,1,5,,particle/omission,
οὐκ ἐγεῖραί,let sleep,1,οὐκ ἐγεῖραί,0,1,4,,,
προσελθοῦσα,came to me,1,προσελθοῦσα,came to,1,1,,participle/direct object,
ἵκοιο,thou wouldst come to,1,κεν ἵκοιο,thou wouldst come to,1,9,,ἄν,
ἐδόκει μοι,I dreamed,1,μοι,I,1,3,,,
ἴσασιν,do know,1,ἴσασιν,know,1,10,,,
εὑρήσω,can find,1,εὑρήσω,find,1,10,,,
οἷον,as,1,οἷον,0,1,5,,omission,
οἷός ὤν,I could have,1,οἷός τ᾽ ὤν,I could have,1,9,,,
ἔτι καὶ νῦν,even now,1,ἔτι καὶ,even,1,3,Cr.44b.3 (2),,
,,,νῦν,now,1,,,,
τοιούτου,such,1,τοιούτου,such as,1,9,,,
προθυμουμένων,refused,1,προθυμουμένων,were eager,1,5,,,
ταύτης,that,1,ταύτης,than that,1,8,,genitive,
ἠθέλησας,we were eager,1,οὐκ ἠθέλησας,refused,1,5,,,
ἡμῶν,you,1,ἡμῶν,we,1,5,,pronoun,
δόξα,reputation,1,δόξα,0,1,5,,omission,
περὶ πλείονος,of more importance,1,πλείονος,more,1,3,Cr.44b.3 (3),,
περὶ,0,1,περὶ,enclosing,1,9,,,
ἡνίκ᾽,0,1,ἡνίκ᾽,whatever time,1,9,,,
μέλει,do care,1,μέλει,care,1,10,,,
μακάριε,my dear,1,μακάριε,dear,1,4,,,
εἰσὶν,is,1,οἷοί τ᾽ εἰσὶν,is able,1,3,Cr.44d.1,verbal construct,
τύχωσι,occurs,1,ἂν τύχωσι,occurs to them,1,4+9,,ἄν,
δυνατοὶ,able,1,δυνατοὶ,they are able,1,4,,implicit construct in Greek,
οὐδέτερα,neither of the two,1,οὐδέτερα,neither of,1,4,,,
ὤφελον,0,1,ὤφελον,I wish,1,4,,,
ἆρά,0,1,ἆρά,are you,1,9,,,
κίνδυνον,risk,1,κίνδυνον,0,1,4,,,
ἐσμεν,0,1,ἐσμεν,it is,1,4,,,
κινδυνεύειν,0,1,κινδυνεύειν,to run risk,1,4,,,
ἔασον,let,1,ἔασον χαίρειν,let go,1,4,χαίρειν was not aligned by C,,
χαίρειν,0,1,,,,,,,
πρὸς,besides,1,πρὸς,0,1,5,,omission,
ἡμεῖς,us,1,ἡμεῖς,for us,1,8,,nominative,
συχνὰ,a good deal of,1,συχνὰ,good deal of,1,6,,,
σώσαντές,provided we save,1,σώσαντές,we save,1,4,,participle,
ἔτι,even,1,ἔτι,0,1,9,,,
οἵτινές,0,1,οἵτινές,since,1,5,,,
ἀλλ᾽,Now,1,ἀλλ᾽,0,1,9,,,
ποίει,do,1,ποίει,0,1,5,,omission,
μηδαμῶς ἄλλως ποίει,0,1,μηδαμῶς ἄλλως ποίει,don t refuse,1,3,Cr. 45e.46a (4),verbal construct,
ἐξαγαγεῖν,get away,1,ἐξαγαγεῖν,get you away,1,1,,direct object,
πολὺ,a large sum of,1,πολὺ,a large sum,1,8,,accusative,
φοβοῦ,do fear,1,φοβοῦ,fear,1,10,,,
ἐμοῦ,me,1,ἐμοῦ,for me,1,8,,genitive,
κηδόμενος,because you care for,1,κηδόμενος,you care,1,4+2,,participle,
οἴει,you think,1,οἴει,0,1,4,,,
τἀμά,my money,1,τἀμά,my,1,6,,substantivization,
ἀποκάμῃς,do give up,1,ἀποκάμῃς,give up,1,10,,,
φοβούμενος,through fear of,1,φοβούμενος,through fear,1,2,,,
ἐξελθὼν,if you went away,1,ἐξελθὼν,you went away,1,4,,participle,
ὄντα,0,1,ὄντα,I were,1,4,,participle,
πολλαχοῦ,many,1,πολλαχοῦ,in many places,1,4,,,
λυπεῖν,shall annoy,1,λυπεῖν,annoy,1,10,,infinitive,
ποιήσονται,will make,1,περὶ ποιήσονται,will make much of,1,2,,,
ἄλλοσε,in other places,1,ἄλλοσε,0,1,5,,omission,
πολλοῦ,much,1,πολλοῦ,0,1,5,,omission,
φαίνεται,0,1,φαίνεται,apparently,1,4,,,
σπεύδεις,you are eager to,1,σπεύδεις,you are eager,1,2,,,
σωθῆναι,save yourself,1,σωθῆναι,save,1,4,,,
ἅπερ,what,1,ἅπερ ἂν,just what,1,9,,,
ἔμοιγε δοκεῖς,I think,1,ἔμοιγε,I,1,3,Cr.45d (1),verbal construct,
,,,δοκεῖς,think,1,,,,
τύχωσι,they happen,1,τύχωσι,they happen to meet with,1,4,,,
εἴωθεν,generally comes,1,εἴωθεν γίγνεσθαι,generally comes,1,4,,,
τοιούτων,such treatment,1,τοιούτων,such,1,6,,,
προδιδόναι,are abandoning,1,προδιδόναι,you are abandoning,1,7,,infinitive,
ῥᾳθυμότατα,laziest way,1,ῥᾳθυμότατα,laziest,1,4,,,
χρὴ,ought to,1,χρὴ,one ought to,1,7,,fixed construct in greek,
ἀξία,is worth,1,ἀξία,worth,1,4,,implicit construction,
χαλεπωτέρα,hard to bear,1,χαλεπωτέρα,more hard,1,4,,,
φίλε,My dear,1,φίλε,dear,1,4,,,
τοσούτῳ,the more,1,τοσούτῳ,0,1,6,,,
ὀρθότητος,rightly,1,ὀρθότητος,rightly directed,1,4,,,
πείθεσθαι,follows,1,πείθεσθαι,who follows,1,7,,infinitive,
πρακτέον,we ought to do,1,πρακτέον,to do,1,10+7,,verbal adjective,
σκοπεῖσθαι,examine,1,σκοπεῖσθαι,we must examine,1,7,,infinitive,
ἀνάγκη ἔσται,0,1,ἀνάγκη ἔσται,must,1,3,Cr.43d.2 (2),verbal construct,
ἀνάγκη,0,1,ἀνάγκη,must,1,3,Xen. Cyrop. 1.2.10 (3),,
ἔνθενπερ,0,1,ἔνθενπερ,the same point,1,9,,,
χρὴ,must,1,χρὴ,ought,1,4,,,
τεκμαίρῃ,0,1,τεκμαίρῃ,is reason for,1,4,,,
πείθου μοι,0,1,πείθου μοι,do as I say,1,3,Cr. 45e.46a (4),verbal construct,
ἐμοὶ πείθου,0,1,ἐμοὶ πείθου,do as I ask,1,3,Cr.44e.1 (2),verbal construct,
δὴ,0,1,δὴ,So,1,9,,,
οἱ κύριοι,0,1,οἱ κύριοι,who have charge,1,6,,substantivization,
οἷος,who,1,οἷος,0,1,5,,omission,
ἥδε,this,1,ἥδε,0,1,9,,,
μοι,to us,1,μοι,0,1,6,Cr. 46b,,
οὐ δύναμαι,I cannot,1,οὐ δύναμαι,cannot,1,7,,,
εὐεργέτηται ὑπ᾽ ἐμοῦ,0,1,εὐεργέτηται ὑπ᾽ ἐμοῦ,I have done for him,1,4,,,
ἀγρυπνίᾳ,0,1,ἀγρυπνίᾳ,sleepless,1,4,,,
τοσαύτῃ,0,1,τοσαύτῃ,so,1,5,,omission,
λύπῃ,0,1,λύπῃ,sorrowful,1,4,,,
πρῶτον,0,1,πρῶτον,only,1,4,,,
γέγονεν,has happened,1,ἡ τύχη γέγονεν,this has happened,1,3,Cr.46 (3),,
ἐκβαλεῖν,discard,1,ἐκβαλεῖν,I discard,1,7,,infinitive,
οὐδ᾽,not even,1,οὐδ᾽,not,1,9,,,
ἔχωμεν,we can,1,ἔχωμεν,we bring forward,1,4,,,
λέγειν,bring forward,1,λέγειν,0,1,4,,,
πλείω,more,1,πλείω,even more,1,4,,,
τῶν παρόντων,0,1,τῶν παρόντων,than at present,1,6,Cr.46c,participle/substantivization,
παρεστώσῃ,0,1,παρεστώσῃ,resent,1,5,,omission,
προσέχειν τὸν νοῦν,to pay attention,1,προσέχειν τὸν νοῦν,to pay attention to,1,2,,,
νῦν,at present,1,νῦν,0,1,4,,,
ἄλλως,merely,1,ἄλλως,0,1,4,,,
ἐμὲ,we,1,ἐμὲ,I,1,5,,pronoun,
λόγου,argument,1,λόγου,0,1,5,,omission ,
ἀποθνῄσκειν,was condemned to death,1,δεῖν ἀποθνῄσκειν,was condemned to death,1,3,Cr.46d (1),verbal construct,
χαίρειν,give it up,1,χαίρειν,give up,1,1,,direct object,
ποιεῖσθαι,be esteemed,1,ποιεῖσθαι,esteemed,1,10,,infinitive / passive,
δέοι,ought to,1,δέοι,ought to be,1,10,,,
λέγειν,speaking,1,λέγειν,were speaking,1,10,,infinitive,
ἑκάστοτε,sensibly,1,ἑκάστοτε,0,1,5,,,
δοκεῖ,do you think,1,δοκεῖ,think,1,3,Cr.46e,verbal construct,
δοκεῖ σοι,do you think,1,δοκεῖ,think,1,,,,
,,,σοι,you,1,,,,
σοι,0,1,σοι,you,1,5,,pronoun,
σκόπει,say,1,σκόπει,0,1,4,,,
πάντων,all,1,πάντων,of all men,1,4+8,,,
τιμᾶν,to esteem,1,τιμᾶν,esteem,1,1,"Cr.47a, this was caused by the presence of χρή. Note that in Cr.47a.2 we both aligned τιμᾶν with ""to esteem"", because the auxiliary was implicit!",infinitive,
καλῶς,TRUE,1,καλῶς λέγεται,Is true,1,3,Cr.47a,,
καλῶς,0,1,καλῶς,It is,1,3,Cr.47a.1,,
χρὴ,we ought,1,χρὴ,we ought to,1,10,,,
λέγεσθαι,in saying,1,λέγεσθαι,saying,1,4,,infinitive use,
φῄς,do you think,1,φῄς,0,1,4,,,
χρησταὶ,the good ones,1,χρησταὶ,the good,1,4,,,
πονηραὶ,the bad ones,1,πονηραὶ,the bad,1,4,,,
τοιαῦτα,this,1,τοιαῦτα,about this,1,8,,accusative,
γυμναζόμενος,If is an athlete,1,γυμναζόμενος,is an athlete,1,4,,participle,
τὸν νοῦν προσέχει,does he pay attention,1,τὸν νοῦν προσέχει,he pay attention to,1,10+2+3,,,
πράττων,makes his business,1,πράττων,makes business,1,4,,participle,
ἐκείνου,that,1,ἐκείνου,man,1,5,,,
ἐκείνου,0,1,ἐκείνου,to those,1,8,,genitive,
φοβεῖσθαι,to fear,1,φοβεῖσθαι,fear,1,4,case where the translation of the auxiliary caused the disagreement,infinitive,
χρὴ,he ought,1,χρὴ,he ought to,1,2,,,
ἑνὸς,of one man,1,ἑνὸς,one,1,8,,genitive,
δῆλα,Obviously,1,δῆλα δή,Obviously,1,9,,,
ἐπιστάτῃ,who is director,1,ἐπιστάτῃ,director,1,7,,,
πρακτέον,must act,1,πρακτέον,act,1,10,,verbal adjective,
ἐπαΐοντι,who knows the business,1,ἐπαΐοντι,knows,1,4+7,,participle,
ἀπειθήσας,if he disobeys,1,ἀπειθήσας,he disobeys,1,4,,participle,
ἐπαϊόντων,who have special knowledge,1,ἐπαϊόντων,who have knowledge,1,4,,participle,
πείσεται,come to,1,πείσεται,will he come to,1,10+7,,,
τείνει,does it act,1,τείνει,it act,1,10,,,
δικαίων,of right,1,δικαίων,right,1,8,,genitive,
ἐπαΐων,who knows,1,ἐπαΐων,who knows about,1,2,,,
ἀκολουθήσομεν,we do follow,1,ἀκολουθήσομεν,we follow,1,10,,,
περὶ,in questions,1,περὶ,in questions of,1,9,,preposition in English,
δεῖ,we ought,1,δεῖ,we ought to,1,10,,,
πατρίους,0,1,πατρίους,from fathers,1,4,,,
πορεύεσθαι,0,1,πορεύεσθαι,journey,1,4,,infinitive use,
ὁμογλώττων,0,1,ὁμογλώττων,they speak the same language,1,4,,,
ἀλλήλοις,0,1,ἀλλήλοις,the same as another,1,4,,,
θαυμάζεσθαι,0,1,θαυμάζεσθαι,admiration,1,4,,participle,
αἰσχύνεσθαι,to revere,1,αἰσχύνεσθαι,revere,1,1,case where the translation of the auxiliary caused the disagreement,infinitive,
δεῖ,ought,1,δεῖ,ought to,1,10,,,
καλῶς,Right,1,καλῶς λέγεις,Right,1,3,Cr.47c.5,,
ἕπεσθαι,to follow,1,ἕπεσθαι,follow,1,1,case where the translation of the auxiliary caused the disagreement,infinitive,
πάντα,all,1,πάντα,them all,1,4,,,
δή,then,1,φέρε δή,Well then,1,3,,,
φέρε,Well,1,,,,3,,,
νοσώδους,disease,1,τοῦ νοσώδους,disease,1,6,,substantivization,
ὑγιεινοῦ,health,1,τοῦ ὑγιεινοῦ,health,1,6,,substantivization,
λωβᾶται,is injured,1,λωβᾶται,is injured by,1,2,,,
σώματος,body,1,σώματος,than body,1,8,,genitive,
περὶ,with,1,περὶ,concerned with,1,9,,,
ὀνίνησιν,improved,1,ὀνίνησιν,improved by,1,2,,,
ἡγούμεθα,do we think,1,ἡγούμεθα,we think,1,10,,,
ἀδικία,right,1,ἀδικία,wrong,1,5,,,
δικαιοσύνη,wrong,1,δικαιοσύνη,right,1,5,,,
διεφθαρμένου,when is ruined,1,διεφθαρμένου,ruined,1,4,,participle,
ἐστίν,is,1,ἐστίν,0,1,5,,omission,
πολύ,Much,1,πολύ,Much more,1,4,,,
ἐροῦσιν,will say of,1,ἐροῦσιν,will say,1,2,,,
ἡμᾶς,us,1,ἡμᾶς,of us,1,8,,accusative,
φροντιστέον,must consider,1,φροντιστέον,consider,1,10,,verbal adjective,
οὕτω,not,1,οὕτω,0,1,5,,omission,
εἰσηγούμενος,when began,1,εἰσηγούμενος,you began by saying,1,4+7,,participle,
εἰσηγῇ,you introduced,1,εἰσηγῇ,introduced,1,7,,,
ἐπιχειρήσαντες,who have aspired,1,ἐπιχειρήσαντες,have aspired to,1,2+7,,participle,
πολιτεύεσθαι,to live,1,πολιτεύεσθαι,to live under,1,2,,,
κἂν,or if,1,κἂν,if,1,9,,ἄν,
χρόνον,a time,1,χρόνον,time,1,6,,,
οἰκέτας,servants,1,οἰκέτας,of servants,1,8,,accusative,
ὀλίγους,few,1,ὀλίγους,a very few,1,4,,,
καταμεμαθηκέναι,had observed,1,καταμεμαθηκέναι,we had observed,1,7,,infinitive,
ἔχοντας,who had,1,ἔχοντας,had,1,7,,participle,
τούτοις,this,1,τούτοις,to this,1,8,,dative,
ἱπποφορβοὶ,grooms,1,οἱ ἱπποφορβοὶ,grooms,1,6,,,
μᾶλλον,more,1,μᾶλλον,more readily,1,4,,,
πρόφρων,0,1,πρόφρων,readily,1,4,,participle,
ἂν νομίζοιντο,might be regarded,1,ἂν νομίζοιντο,might be regarded as,1,9+2,,ἄν,
ἐξὸν,0,1,ἐξὸν,it might,1,4,,implicit construction,
κατάγελως,0,1,κατάγελως,the crowning absurdity,1,4,,,
τουτί,0,1,τουτί,that,1,9,,,
ἐδοκοῦμεν,we noticed,1,ἐδοκοῦμεν,we thought,1,4,,,
ὁρᾶν,0,1,ὁρᾶν,we noticed,1,4,,,
ἐπιστατῶσι,they are placed in charge,1,ἐπιστατῶσι,they are in charge,1,4,,,
πρὸς,in addition to,1,πρὸς,in addition,1,9,,preposition in English,
ὧν,of those from which,1,ὧν,of those,1,6,,,
ἀπείργωσι,he excludes,1,ἂν ἀπείργωσι,he excludes,1,9,,ἄν,
νέμονταί,graze,1,νέμονταί,graze in,1,2,,,
ἐφ᾽,in,1,ἐφ᾽,to,1,9,,,
οὕτως,just,1,οὕτως,0,1,9,,,
βούλωνται,will,1,βούλωνται,he will,1,7,,,
ὅπως,as,1,ὅπως ἂν,just as,1,9,,ἄν,
ᾐσθήμεθα,we have known,1,ᾐσθήμεθα,we have known of,1,2,,,
χρῆσθαι,of enjoying,1,χρῆσθαι,that accrue,1,4,,infinitive,
τοίνυν,then again,1,τοίνυν,again,1,9,,,
ἀλλοφύλοις,to strangers,1,τοῖς ἀλλοφύλοις,to strangers,1,6,,,
μὴ πείθεσθαι,refuse obedience,1,πείθεσθαι,obedience,1,4,,infinitive,
ἐπ᾽,0,1,ἐπ᾽,to,1,9,,,
αὐτὸ,0,1,αὐτὸ,this,1,4,,6,
μὴ ἐπιτρέπειν,deny,1,μὴ ἐπιτρέπειν,to deny,1,4,,infinitive,
ἄλλων,other,1,τῶν ἄλλων,other,1,6,,substantivization,
πεφυκότι,as he is constituted,1,πεφυκότι,he is constituted,1,4,this error was actually caused by ὡς,participle,
Κῦρος,one Cyrus,1,Κῦρος,Cyrus,1,4,,,
ἀνθρώπους,men,1,ἀνθρώπους,of men,1,8,,accusative,
παμπόλλους,a vast number,1,παμπόλλους,vast number,1,6,,,
μετανοεῖν,to change opinion,1,μετανοεῖν,to change our opinion,1,4,,infinitive,
καὶ ὅμως,Nevertheless,1,ὅμως,Nevertheless,1,9,,,
ἑωρακότας,although they had seen,1,ἑωρακότας,had seen,1,4,,participle,
ἀπέχοντας,were distant,1,ἀπέχοντας,were distant from,1,2,,,
εἰδότας,who knew,1,εἰδότας,knew,1,7,,fixed construct in Greek,
που,since,1,γάρ,since,1,9,,,
Περσῶν,of Persians,1,Περσῶν,Persians,1,8,,genitive,
ὄντων,although are,1,ὄντων,are,1,4,,participle,
Θρᾳκῶν,Thracians,1,Θρᾳκῶν,with Thracians,1,8,,genitive,
τοσοῦτον,so,1,τοσοῦτον,so very,1,6,,,
Σκύθης,Scythian,1,Σκύθης,Scythian king,1,4,,,
αὐτόνομα,free,1,αὐτόνομα,0,1,5,,omission,
λελύσθαι,0,1,λελύσθαι,free,1,4,,infinitive,
παρειληφότων,who have inherited,1,τῶν παρειληφότων,those who have inherited,1,6,,substantivization/participle,
Ἰλλυριῶν,Illyrians,1,Ἰλλυριῶν,with Illyrians,1,8,,genitive,
ἑκόντων,by full consent,1,ἑκόντων,by their full consent,1,4,,participle,
δύναιτ᾽ ἂν,would be able,1,δύναιτ᾽ ἂν,would never be able,1,9,,ἄν,
ὅμως,for all that,1,ὅμως,0,1,9,,,
ἐμβαλεῖν,to awaken in,1,ἐμβαλεῖν,to awaken,1,2,,,
πάντας,all men,1,πάντας,in all,1,4,,,
ποίᾳ,what sort,1,ποίᾳ τινὶ,what sort of,1,9+2,prepositional construct in English not related to a verb,pronoun,
ὅσα,what,1,ὅσα,0,1,5,,omission,
μητρὸς,mother,1,μητρὸς,His mother,1,4,,,
ὁμολογεῖται,it is agreed,1,ὁμολογεῖται,it is generally agreed,1,4,,,
Μήδων,of Medes,1,Μήδων,of the Medes,1,6,,,
πάντα,all sorts,1,πάντα,all sorts of,1,1,,prepositional construct in English not related to a verb,
ἀνατλῆναι,endured,1,ἀνατλῆναι,he endured,1,7,,infinitive,
τοῦ ἐπαινεῖσθαι,of praise,1,τοῦ ἐπαινεῖσθαι,praise,1,8,,genitive / articular infinitive,
δημοσίᾳ,out of the public treasury,1,δημοσίᾳ,the public treasury,1,8,,dative,
ἐπιμελεῖται,sees,1,ἐπιμελεῖται,sees to it,1,2,,,
ἐστιν,is,1,ἐστιν αὐτοῖς,is their,1,3,Xen. Cyrop. 1.2.10 (1),verbal construct,
αὐτοῖς,their,1,,,,,,,
θηρᾷ,in the hunt,1,θηρᾷ,takes part in the hunt,1,4,,,
ὁδοιπορίαις,long tramps,1,ὁδοιπορίαις,taking tramps,1,5,,,
ψύχη,heat,1,ψύχη,cold,1,5,,,
παραπίπτῃ,it comes in way,1,ἂν παραπίπτῃ,it comes in their way,1,4+9,,ἄν,
θάλπη,cold,1,θάλπη,heat,1,5,,,
γιγνόμενον,that comes,1,γιγνόμενον,comes,1,7,,participle,
ἐπιφερόμενον,that threatens to attack,1,ἐπιφερόμενον,that attack,1,4,,participle,
φυλάξασθαι,be on guard against,1,φυλάξασθαι,they be guard against,1,7,,infinitive,
ἄπεστι,is not required,1,ἄπεστι,required,1,5,,,
θήγεσθαι,whet,1,θήγεσθαι,they whet,1,7,,infinitive,
ῥᾴδιον,it is easy,1,ῥᾴδιον,easy,1,4,,implicit construct in Greek,
ἐπιμελούμενοι,in their care for,1,ἐπιμελούμενοι,in care for,1,4,,,
πόλεσιν,states,1,ταῖς πόλεσιν,states,1,6,,,
ἐν,in conformity with,1,ἐν,0,1,9,,,
ὃν,a person whom,1,ὃν,whom,1,6,,,
ὃν,any one whom,1,ὃν,whom,1,6,,,
ζημίαν ἐπέθεσαν,they punish,1,ζημίαν ἐπέθεσαν,punish,1,7,,fixed construct in Greek,
αὐτοῖς,0,1,αὐτοῖς,they,1,,Xen. Cyrop. 1.2.2,,
οἷοι,0,1,οἷοι,as,1,9,,,
προλαβόντες,0,1,προλαβόντες,begin at the beginning,1,4,,participle,
τοιοῦτοι,of such a character,1,τοιοῦτοι,of such,1,6,,,
ἐπιμέλονται,they take,1,ἐπιμέλονται,the measures they take,1,4,,,
εὐκοσμίᾳ,upon orderly life,1,εὐκοσμίᾳ,orderly life,1,8,,dative,
μιγνύηται,may intrude,1,μιγνύηται,may intrude upon,1,2,,,
ἀπελήλανται,are relegated,1,ἀπελήλανται,are excluded from,1,4,,,
ἔστιν,belongs,1,ἔστιν,belongs to,1,2,,,
παισίν,to the boys,1,παισίν,the boys,1,8,,dative,
πάρεισιν,come,1,πάρεισιν,to come,1,4,Xen. Cyrop. 1.2.4,,
καλόν,it is proper,1,καλόν,proper,1,4,,implicit construct in Greek,
ἐπιζητοῦνται,inquiry is made,1,ἐπιζητοῦνται,inquiry is made for,1,2,,,
βελτίστους,the best men,1,βελτίστους,the best,1,4,,,
ἀποδεικνύναι,to make out,1,ἀποδεικνύναι,to make out of,1,2,,,
προστέτακται,are assigned to,1,προστέτακται,are assigned,1,2,,,
ἂν εἶεν,may prove to be,1,ἂν εἶεν,may be,1,4+9,,ἄν,
ἡλικίᾳ,age,1,ἡλικίᾳ,to age,1,8,,dative,
γένηται,it may be,1,γένηται,it may,1,10,,,
παρ᾽ ἡμῖν,in our country,1,ἡμῖν,our,1,3,Xen. Cyrop. 1.2.6 (1),,
,,,παρ᾽,in,1,,,,
δικάζοντες,in deciding cases,1,δικάζοντες,deciding cases,1,4,,participle,
ἐγκλήματα,charges,1,γίγνεται ἐγκλήματα,prefer charges,1,5,,,
γίγνεται,prefer,1,,,,,,,
εἰκός,naturally,1,εἰκός,0,1,4,,participle,
γενέσθαι,0,1,γενέσθαι,to bring,1,4,,,
τὸ εἰκός,0,1,τὸ εἰκός,probably,1,6,,substantivization/participle,
οἵων,that,1,οἵων,things,1,4,,,
ἄλλων,other things,1,ἄλλων,other,1,4,,,
ἀχαριστίας,of ingratitude,1,ἀχαριστίας,ingratitude,1,8,,genitive,
ἐγκλήματος,with an offence,1,ἐγκλήματος,an offence,1,8,,genitive,
ἡγεμών,which leads the way,1,ἡγεμών,leads the way,1,7,,,
ἔχειν,to be,1,ἂν ἔχειν,are likely to be,1,9,,ἄν,
τὸ μανθάνειν,learning,1,μανθάνειν,learning,1,,,,
,,,τὸ,their,1,6,,possessive use,
περὶ σὲ,0,1,περὶ σὲ,of yours,1,1,,prepositional construct,
σὲ,0,1,σὲ,your,1,6,,,
ὅσα τἀνθρώπεια,0,1,ὅσα τἀνθρώπεια,humanly speaking,1,3,Cr.47a,,
σωφρονεῖν,self-control,1,σωφρονεῖν αὐτοὺς        ,self-control,1,3,Xen. Cyrop. 1.2.8 (1),,
γαστρὸς,hunger,1,γαστρὸς,0,1,4,,,
πρὶν ἂν,until,1,πρὶν,until,1,9,,ἄν,
σιτοῦνται,eat,1,σιτοῦνται,do eat,1,10,,,
σημήνωσι,direct,1,σημήνωσι,so direct,1,5,,,
πιεῖν,for drinking,1,πιεῖν,drinking,1,4,prepositional phrase?,infinitive,
ἐξέρχονται,enrolled,1,ἐξέρχονται,are enrolled,1,10,,passive,
ἑπτακαίδεκα,sixteen,1,ἑπτακαίδεκα,seventeen,1,5,,,
ἄρχουσι,authorities,1,ἄρχουσι,of authorities,1,8,,dative,
μάλιστα,most,1,μάλιστα,the most,1,6,,,
φυλακῆς,of guarding,1,φυλακῆς,guarding,1,8,,genitive,
σωφροσύνης,of self-control,1,σωφροσύνης,self-control,1,8,,genitive,
νυνδὴ,0,1,νυνδὴ,now,1,5,,omission,
ἡμίσειαν,half,1,τὴν ἡμίσειαν,half,1,6,,,
θήραν,0,1,θήραν,hunting,1,4,,,
ἔτι,also,1,δὲ,also,1,9,,,
ἀφεῖναι,throw,1,τὸ ἀφεῖναι,to throw,1,6,,substantivization/infinitive,this disagreement was caused by the presence of ὤστε below
τὸ,0,1,,,,,,,
ὥστε,to,1,ὥστε,0,1,9,,,
ὑπάρχει,0,1,ὑπάρχει,have at your command,1,4,,,
σου,0,1,σου,your,1,5,,omission,
σὸν,0,1,σὸν,you,1,6,,,
ἐξὸν,0,1,ἐξὸν,might,1,4,,implicit construction,
χρῷο,0,1,χρῷο,to do,1,4,,,
οὐδαμῶς,0,1,οὐδαμῶς,By no means,1,9,,,
τιμιώτερον            ,0,1,τιμιώτερον            ,more important,1,5,,omission,
πως,0,1,πως,any form,1,9,,,
ὥσθ᾽,0,1,ὥσθ᾽,for instance,1,9,,,
δῆλον,0,1,δῆλον,be understood,1,4,,implicit construction,
ᾗ,0,1,ᾗ,what,1,9,,,
,,810,,,822,,,,