"Agreement (3440 TPs, 2439 Unique TPS)",,,,Disagreements (Chiara Alignments) 669 TPS. 628 Unique TPS,,,,"Disagreements (Farnoosh Alignments) 719 TPS, 680 Unique TPS",,
GRC,ENG,Freq,,GRC,ENG,Freq,,GRC,ENG,Freq
καὶ,and,83,,τὸν δ᾽,him,4,,οὐ,nor,6
Κρίτων,Crito,39,,προσέφη,to spoke,3,,δ᾽,and,4
δὲ,and,32,,οὐ δ᾽,nor,3,,προσέφη,spoke,4
Σωκράτης,Socrates,30,,οὐ δέ,nor,3,,τὸν,to him,3
δ᾽,and,22,,τοῦτο,this,3,,τὸ,this,2
οὐ,not,21,,δ᾽,but,2,,μὲν δ᾽,but,2
ἐν,in,17,,τῷ,his,2,,κατ᾽ ἕζετο,he sat down,2
τε,and,15,,ἕζετο,he sat,2,,ἐὺ,good,2
τῶν,the,15,,κατ᾽,down,2,,φρονέων,with intent,2
ὅτι,that,15,,ἐὺ φρονέων,with good intent,2,,τὸν,him,2
ἐγὼ,I,14,,σὺ,you,2,,ἑκηβόλος,the god who strikes from afar,2
Σώκρατες,Socrates,14,,μὰ,by,2,,δέ,and,2
γὰρ,for,12,,ἑκηβόλος,who strikes from afar,2,,τὴν,her,2
γὰρ,For,12,,ὁμῶς,for,2,,θεὰ,The goddess,2
ἢ,or,12,,θεὰ,goddess,2,,δὲ,and,2
ἀλλὰ,but,11,,πρὸ,forth,2,,τὸ,that,2
νῦν,now,11,,ἄμφω,both,2,,καὶ,and,2
εἰ,if,11,,καὶ,and,2,,ἔστι,is,2
Ἀχαιῶν,of the Achaeans,10,,πάνυ,very,2,,μοι,I,2
τὰ,the,10,,ἔστι,is true,2,,δὲ,And,2
σὺ,you,10,,δὲ,and,2,,τῶν,the,2
μὴ,not,10,,οἱ,the,2,,οὐδὲ,not,2
καὶ,also,10,,οἷοί,able,2,,σοι,you,2
οὐκ,not,9,,δὲ,for,2,,δοκεῖ,think,2
σε,you,8,,καὶ,even,2,,οἱ,who,2
με,me,8,,δὲ,And,2,,ἑαυτοῦ,own,2
μοι,to me,8,,τῶν,those,2,,ἕνεκα,for the sake of,2
ἀλλὰ,But,8,,βέλτιον,benefited,2,,ὃν,whom,2
εἰς,to,8,,ἔτι,And,2,,μὲν δὲ,but,2
τῆς,the,8,,ἑαυτοῦ,his own,2,,συμβάλλεται,conduces,2
δὲ,And,8,,φύσιν,natural,2,,ἔθηκε,brought upon,1
οἱ,the,8,,ἕνεκα,for the sake,2,,αὐτοὺς,them themselves,1
τοὺς,the,8,,καὶ,too,2,,Ἀχαιοῖς,the Achaeans,1
Ἀχιλλεύς,Achilles,7,,δὲ,but,2,,Ἄϊδι,Hades,1
ἀλλ᾽,But,7,,συμβάλλεται,it conduces,2,,προΐαψεν,sent forth to,1
εἴ,if,7,,Ἀχαιοῖς,upon the Achaeans,1,,ἡρώων,heroes,1
ἐπεὶ,since,7,,ἡρώων,of heroes,1,,ἔριδι,to contend,1
ἢ,than,7,,ἔθηκε,brought,1,,ἠτίμασεν,upon had wrought dishonour,1
γέρας,prize,7,,προΐαψεν,sent forth,1,,νοῦσον,an pestilence,1
τὸ,the,7,,Ἄϊδι,to Hades,1,,ἀρητῆρα,priest,1
ταῦτα,this,7,,αὐτοὺς,them,1,,δύω,the two,1
τοῦ,the,7,,μάχεσθαι,to contend,1,,Ἀτρεΐδα,sons of Atreus,1
τῷ,the,7,,νοῦσον,pestilence,1,,ἔχων,he held,1
ὃς,who,6,,ἀρητῆρα,had wrought dishonour,1,,ἁζόμενοι,out of reverence for,1
ἐκ,from,6,,ἠτίμασεν,priest,1,,ἐμοὶ,to me,1
ἀπὸ,from,6,,Ἀτρεΐδα,the sons of Atreus,1,,ἱερῆα,the priest,1
τις,one,6,,δύω,two,1,,ἥνδανε,please,1
δέ,and,6,,ἔχων,held,1,,ἐπὶ ἔτελλε,laid upon,1
τοῖς,the,6,,ἁζόμενοι,out of reverence,1,,τὴν,Her,1
περὶ,about,6,,ἐμοὶ,my,1,,ἐποιχομένην,as she walks to and fro before,1
μή,not,5,,θ᾽,the,1,,ἐρέθιζε,anger,1
ὅ,he,5,,ἱερῆα,priest,1,,σαώτερος,safer,1
οὔ,not,5,,ἔτελλε,laid upon,1,,κατὰ ἔκηα,I burned,1
καὶ,And,5,,ἥνδανε,did please,1,,μηρί᾽,thigh-pieces,1
σὺν,with,5,,μή νύ,lest,1,,Τενέδοιό,Tenedos,1
δ᾽,And,5,,τὴν δ᾽,Her,1,,χαρίεντ᾽,pleasing,1
τῇ,the,5,,ἐποιχομένην,as she walks to and fro,1,,ἀνάσσεις,rule over,1
τοῦτο,this,5,,ἐρέθιζε,do anger,1,,Σμινθεῦ,Sminthian god,1
Διὸς,of Zeus,4,,σαώτερος,the safer,1,,τοι,to your,1
ἀνδρῶν,of men,4,,ἔκηα,I burned,1,,τίσειαν,let pay for,1
ἐπὶ,to,4,,χαρίεντ᾽,to pleasing,1,,καρήνων,the peaks,1
δὲ,but,4,,Σμινθεῦ,Sminthian,1,,κατ᾽,Down from,1
πάντες,all,4,,τοι,your,1,,ἤϊε,coming,1
τοι,you,4,,Τενέδοιό,over Tenedos,1,,ἐοικώς,was like,1
ὣς,So,4,,τὸ δέ,this,1,,ὃ,his,1
τοι,to you,4,,ἀνάσσεις,rule,1,,μετὰ ἕηκε,let fly,1
Φοῖβος,Phoebus,4,,τίσειαν,let pay,1,,ἰὸν,an arrow,1
Ἀπόλλων,Apollo,4,,καρήνων,from the peaks,1,,αὐτοῖσι,on the men themselves,1
πόδας ὠκὺς,swift-footed,4,,κατ᾽,Down,1,,τῇ δεκάτῃ,on the tenth,1
τ᾽,and,4,,ἐοικώς,like,1,,τῷ,it,1
ἀλλ᾽,but,4,,ἕηκε,let,1,,ὁμηγερέες γένοντο,gathered together,1
Ἀγαμέμνων,Agamemnon,4,,ἰὸν,fly,1,,οἳ,they,1
ὡς,that,4,,αὐτοῖσι,themselves,1,,κεν φύγοιμεν,should we escape,1
ἤν,if,4,,τῇ,the,1,,κέν ἀντιάσας,he may accept,1
δέ,But,4,,δεκάτῃ,on tenth,1,,ἀμῦναι,ward off,1
ὁ,the,4,,ὁμηγερέες,together,1,,καὶ,too,1
ὥσπερ,as,4,,γένοντο,gathered,1,,κ᾽ εἴποι,might say,1
ἢ,Or,4,,οἳ δ᾽,they,1,,ἐπιμέμφεται,finds fault with,1
σοι,you,4,,εἴ κεν φύγοιμεν,should we escape,1,,εὐχωλῆς,a vow,1
αὐτοὺς,them,4,,τ᾽,too,1,,ἄρ᾽,When,1
χρήματα,money,4,,εἴποι,might say,1,,ἡγήσατ᾽,who had guided,1
ἐὰν,if,4,,ἐπιμέμφεται,finds fault,1,,ἣν,his,1
δὲ,But,4,,εὐχωλῆς,with a vow,1,,ἐσσόμενα,were to be,1
τοὺς,their,4,,ἀμῦναι,to ward off,1,,πόρε,had bestowed upon,1
οἱ,their,4,,ἤτοι,When,1,,τά,that,1
ἀρχεῖα,government buildings,4,,ἣν,his own,1,,ἀγορήσατο,addressed the gathering,1
παῖδες,boys,4,,πόρε,upon,1,,ἦ,that,1
ἐξ,from,3,,ἡγήσατ᾽,had guided,1,,πρόφρων,readily,1
δῖος,brilliant,3,,ἐσσόμενα,that were to be,1,,χερσὶν,with hand,1
ὃ,he,3,,ἀγορήσατο,addressed,1,,ἐποίσει,shall lay on,1
δ᾽,but,3,,χερσὶν,with might of hand,1,,σοὶ,you,1
ἄποινα,the ransom,3,,ἀναφαίνεις,you reveal,1,,Δαναοῖσι,the Danaans,1
Ἀχαιοὶ,the Achaeans,3,,ἐποίσει,shall lay,1,,οὐ μὰ Ἀπόλλωνα,by Apollo,1
μ᾽,me,3,,Δαναοῖσι,to the Danaans,1,,ἀναφαίνεις,you reveal to,1
Ἥρη,Hera,3,,Ἀπόλλωνα,Apollo,1,,ἀπέλυσε,release,1
λευκώλενος,white-armed,3,,σοὶ,on you,1,,οὐκ,nor,1
τοῖσι,among them,3,,ἀπέλυσε,did release,1,,ἀρητῆρος,the priest,1
γάρ,for,3,,ἕνεκ᾽,because,1,,ἕνεκ᾽,because of,1
ἐστιν,is,3,,καὶ οὐκ,nor,1,,τοὔνεκ᾽,For this,1
ὅ,He,3,,ἀρητῆρος,of the priest,1,,ἀπὸ δόμεναι,we give back to,1
καί,and,3,,τοὔνεκ᾽,For this cause,1,,τοῖσι,among them,1
μοι,me,3,,δόμεναι,we give,1,,μένεος,rage,1
εἶναι,to be,3,,ἀπὸ,back to,1,,μέγα,wholly,1
τοι,your,3,,τοῖσι δ᾽,and among them,1,,πίμπλαντ᾽,With was filled,1
τι,any,3,,μένεος,With rage,1,,ὀσσόμενος,his look threatened,1
γάρ,For,3,,πίμπλαντ᾽,was wholly filled,1,,τὸ κρήγυον,a pleasant thing,1
ἐμοὶ,me,3,,τὸ κρήγυον,pleasant thing,1,,οὔ,nor,1
πῶς,how,3,,οὔ τ᾽,nor,1,,θεοπροπέων,in prophecy,1
ὄφρ᾽,so that,3,,τοῦδ᾽ ἕνεκά,for this reason,1,,σφιν,them,1
σοὶ,you,3,,κούρης,for the girl,1,,κούρης,the girl,1
πολὺ,far,3,,σφιν,upon them,1,,τεύχει,brings upon,1
ἔγωγε,I,3,,τεύχει,brings,1,,τοῦδ᾽,this,1
οἵ,who,3,,ἑθέν,her,1,,ἕνεκά,for,1
μέγα,great,3,,Κλυταιμνήστρης,Clytemnestra,1,,οὐ οὐ οὔ οὔτέ,either or or or,1
θυμῷ,in heart,3,,ἔμμεναι,be safe,1,,Κλυταιμνήστρης,to Clytemnestra,1
ὡς,how,3,,γέρας,a prize of honour,1,,ἑθέν,to her,1
δ᾽,But,3,,ἔω,I be,1,,σῶν,safe,1
πολλοὶ,many,3,,ὄφρα μὴ,lest,1,,ἔμμεναι,be,1
ἀνδράσιν,men,3,,ἑτοιμάσατ᾽,provide with,1,,γέρας,a prize,1
πρῲ,early,3,,τὸν δ᾽,to him,1,,ἑτοιμάσατ᾽,provide,1
ὅπως,that,3,,ἠμείβετ᾽,In answer spoke,1,,ὄφρα,lest,1
πολλάκις,often,3,,οὐ δέ,nothing,1,,ἔω,be,1
οὐδὲν,not,3,,πολλά,a hoard of wealth,1,,ἠμείβετ᾽ ἔπειτα,In answer spoke,1
ταῦτα,That,3,,ξυνήϊα,in common,1,,κείμενα,a hoard,1
τήμερον,today,3,,τὰ μὲν,whatever,1,,οὐ τί,nothing,1
αὐτὸ,it,3,,ἐπέοικε,it is seemly,1,,ξυνήϊα,wealth in common store,1
ὃ,which,3,,λαοὺς,the army,1,,ἐπέοικε,seemly,1
σὲ,you,3,,Τροίην,Troy,1,,λαοὺς,from the army,1
ἡμῖν,we,3,,κέ ποθι,ever,1,,τὰ,whatever,1
παῖδας,children,3,,αὐτὰρ,and,1,,ποθι,ever,1
ἡμᾶς,we,3,,ἐὼν,are,1,,Τροίην,of Troy,1
πολλῶν,of multitude,3,,οὐ,not,1,,ἐὼν,you are,1
ὑπὸ,by,3,,δέ,while,1,,οὐ οὐ,not nor,1
ὥσπερ,just as,3,,ἄρσαντες,suiting,1,,αὐτὰρ,while,1
οὐκοῦν,Then,3,,ἑλών,bear away,1,,αὔτως,idly,1
δόξῃ,opinion,3,,ἄξω,I will seize,1,,ἄρσαντες,suiting it,1
τοῦτο,that,3,,ὃ δέ,he,1,,ἄξω,I bear away,1
βιωτὸν,worth living,3,,ἑκάεργον,who strikes from afar,1,,ἑλών,will seize,1
τοῖς,their,3,,ἀνδρῶν,men,1,,ὃ,he,1
ἀνθρώπων,men,3,,ῥέξας,by offering,1,,ἀνδρῶν,of men,1
δὴ,then,3,,πάντων,of all,1,,ῥέξας,offering,1
τούτων,of these,3,,ὑπόδρα,from beneath,1,,ἑκάεργον,the god who strikes from afar,1
τὴν,the,3,,προσέφη,spoke to,1,,πάντων,all,1
ἄρχοντες,officers,3,,τίς,any man,1,,ὑπόδρα,from beneath brows,1
μέγα,greatly,3,,ἐδηλήσαντ᾽,did they lay waste,1,,ἐπιειμένε,clothed in,1
πρεσβυτέρους,elders,3,,μάλα πολλὰ,many things,1,,τίς,any,1
θεὰ,goddess,2,,μεταξὺ,between,1,,αἴτιοί εἰσιν,they have done wrong,1
ἄλγε᾽,woes,2,,ποτ᾽,ever,1,,πολλὰ,many,1
ἄρ,then,2,,οὐ πώποτ᾽,Never,1,,μεταξὺ,lie between,1
Διὸς,Zeus,2,,ἀναιδὲς,shameless one,1,,πώποτ᾽,ever,1
στρατὸν,the host,2,,ἀφαιρήσεσθαι,will take,1,,οὐ,Never,1
Ἀτρεΐδης,the son of Atreus,2,,ἔχω,I,1,,ἐδηλήσαντ᾽,they lay waste,1
λαῶν,of the people,2,,ἔρχομ᾽,take,1,,ἀναιδὲς,shameless,1
Ἀχαιούς,the Achaeans,2,,ἴμεν,return,1,,τῶν,This,1
Ἀπόλλωνος,of Apollo,2,,μάλ᾽,then,1,,ἀφαιρήσεσθαι,will take away,1
ἄποινα,ransom,2,,ἐμεῖο,my sake,1,,ἔχω,have I,1
θύγατρα,daughter,2,,εἵνεκ᾽,for,1,,τὸ,The,1
πάντας,all,2,,ἔδωκεν,gave,1,,πλεῖον,brunt,1
πόλιν,the city,2,,ἄνασσε,lord it over,1,,ἔχων,take,1
ἀγλαὰ,glorious,2,,τὴν μὲν,her,1,,ἴμεν,to return,1
ἄλλοι,the rest,2,,στυγέῃ,may shrink,1,,φέρτερόν,better,1
θεοῖο,of the god,2,,ὁμοιωθήμεναι,likening to,1,,ἐμεῖο,my,1
σκῆπτρον,staff,2,,δέ,but,1,,εἵνεκ᾽,for sake,1
μιν,her,2,,ἀφαιρεῖται,takes from,1,,ἔδωκεν,who gave,1
ἔφατ᾽,he spoke,2,,ἔμ᾽,me,1,,κοτέοντος,wrath,1
ὃ,the,2,,μερμήριξεν,was divided,1,,ἄνασσε,lord over,1
ἔπειτ᾽,then,2,,ἐρυσσάμενος,should draw,1,,ὁμοιωθήμεναι,likening,1
αἰγῶν,goats,2,,ἄμφω,both men alike,1,,δέ,I,1
ἠδ᾽,and,2,,ἧκε,had sent,1,,ἐγὼ,but,1
Χρύσην,Chryse,2,,ἐτράπετ᾽,turned,1,,ἀφαιρεῖται,takes,1
ἐπὶ,over,2,,μετὰ,around,1,,στυγέῃ,may shrink from,1
ἐμὰ,my,2,,καί,Then,1,,ἔμ᾽,from me,1
ἐπ᾽,on,2,,τέκος,daughter,1,,ἐρυσσάμενος,draw,1
πρῶτον,first,2,,τὸ δὲ,this,1,,μὲν,and,1
λαὸν,the people,2,,ἐρέω,I will tell,1,,διάνδιχα μερμήριξεν,was divided,1
θεὰ,the goddess,2,,ποτε,presently,1,,τοὺς,the,1
ὀΐω,I think,2,,τὸν δ᾽,Him,1,,ὁμῶς,alike,1
ἄγε,come,2,,ἧκε,sent,1,,πρὸ ἧκε,had sent forth,1
ἡμῖν,us,2,,χειρί,with hand,1,,ἄμφω,both men,1
λοιγὸν,the pestilence,2,,ἕλκεο,do grasp,1,,γὰρ,for,1
εἰπὼν,had spoken,2,,τὸ δὲ,this thing,1,,μετὰ ἐτράπετ᾽,turned around,1
ὣς,thus,2,,ὕβριος,of arrogance,1,,φωνήσας,said,1
οἱ,him,2,,καί ποτέ,Hereafter,1,,ἔκ ἐρέω,I will tell,1
ἀνέστη,arose,2,,εἵνεκα,on account,1,,τάχ᾽,presently,1
ἄριστος,the best,2,,τὴν δ᾽,her,1,,τὸν,Him,1
μετέειπεν,spoke among,2,,ἀπαμειβόμενος,In answer,1,,ἄμφω,both of you,1
Διῒ,to Zeus,2,,κεχολωμένον,angered a man be,1,,πρὸ ἧκε,sent forth,1
πάντων,all,2,,ἄμεινον,better,1,,χειρί,with your hand,1
Ἀχαιοί,the Achaeans,2,,ὅς κε,Whoever,1,,ἕλκεο,grasp,1
δὲ,then,2,,ξίφος,the sword,1,,καὶ,truly,1
ἀπαμειβόμενος,In answer,2,,ἀπίθησε,did disobey,1,,τὸ,this thing,1
φίλον,dear,2,,ἣ δ᾽,She,1,,ποτέ,Hereafter,1
οὔ,no,2,,Οὔλυμπον,to Olympus,1,,εἵνεκα,on account of,1
ἢν,if,2,,βεβήκει,returned,1,,ὕβριος,arrogance,1
τότε,Then,2,,δαίμονας,the gods,1,,ἀπαμειβόμενος,In answer to,1
ὃν,whom,2,,ἔχων,with,1,,κεχολωμένον,angered be,1
ἔτι,still,2,,θυμῷ,courage,1,,ἄμεινον,is it better,1
ἑκατόμβην,a hecatomb,2,,τὸ δέ,That,1,,ὅς,Whoever,1
ἐς,to,2,,εἴδεται,seems,1,,ἀπίθησε,disobey,1
ὄσσε,eyes,2,,σέθεν,to you,1,,ξίφος,sword,1
οἱ,his,2,,ἀντίον,contrary,1,,μετὰ,to,1
ἐν,among,2,,ἐρέω,I will speak out,1,,βεβήκει,returned to,1
καὶ,even,2,,ἀναθηλήσει,shall it again grow green,1,,Οὔλυμπον,Olympus,1
ὧς,so,2,,οὔ ποτε,never,1,,δαίμονας,of the gods,1
τό,this,2,,τὸ μὲν,that,1,,ἣ,She,1
μοι,my,2,,ἔλεψε,has stripped,1,,τέτληκας,have you had courage,1
ὅ,that,2,,φύλλά,leaves,1,,τὸ,That,1
Ἀτρεΐδη,son of Atreus,2,,εἰρύαται,that come,1,,εἴδεται,seems as,1
γέρας,a prize,2,,δικασπόλοι,judges,1,,ἀντίον,contrary to,1
μεγάθυμοι,great-hearted,2,,φορέουσι,when they act,1,,σέθεν,you,1
αἴ,if,2,,Ἀχιλλῆος,for Achilles,1,,ἂν λωβήσαιο,would be insolence,1
ἐπεὶ,for,2,,ποθὴ,a longing,1,,ἔκ ἐρέω,I will speak out,1
αὐτὸς,yourself,2,,πίπτωσι,shall fall,1,,ναὶ μὰ,by,1
αὐτὸς,myself,2,,ἔτισας,you did honour to,1,,οὔ ποτε,never more,1
καλλιπάρῃον,fair-cheeked,2,,ἔνδοθι,within,1,,ἀναθηλήσει,shall it grow green,1
Χρυσηΐδα,the daughter of Chryses,2,,ἥλοισι,with nails,1,,φύσει,shall put forth,1
ἢ,either,2,,πεπαρμένον,studded,1,,περὶ ἔλεψε,has stripped on all sides,1
εἷς,one,2,,ἑτέρωθεν,against,1,,φύλλά,of leaves,1
δεῦρο,here,2,,ἐμήνιε,continued to vent,1,,φορέουσι,carry,1
πρὸς,from,2,,λιγὺς,clear-voiced,1,,δικασπόλοι,when they act as judges,1
οὐ,no,2,,ἀγορητής,the orator,1,,εἰρύαται,who guard,1
ᾧ,which,2,,τράφεν,reared,1,,ποθὴ,a longing for,1
υἷες,the sons,2,,ἐγένοντο,had been born,1,,Ἀχιλλῆος,Achilles,1
δ᾽,while,2,,Ἀχαιΐδα,Achaea,1,,ἂν πίπτωσι,shall fall,1
οἴκαδ᾽,home,2,,πόποι,Comrades,1,,ἔνδοθι,within you,1
ἐστιν,it is,2,,Τρῶες,the Trojans,1,,ἔτισας,you honour,1
ἄλλοι,others,2,,πυθοίατο,hear,1,,πεπαρμένον,studded with,1
εἰ,If,2,,περὶ,in,1,,ἥλοισι,nails,1
ἑτάροισι,companions,2,,σφῶϊν,you two,1,,ἐμήνιε,continued to vent wrath,1
σοῖς,your,2,,ἐστὲ,are,1,,ἑτέρωθεν,over against,1
ὧδε,thus,2,,μάχεσθαι,war,1,,ἀγορητής,orator,1
ὡς,as,2,,βουλὴν,counsel,1,,λιγὺς,the clear-voiced,1
σὸν,your,2,,πίθεσθ᾽,Listen to me,1,,ἠδ᾽,and,1
Ἀτρεΐδην,the son of Atreus,2,,ἐστὸν,you are,1,,τράφεν,had been born,1
οὐρανόθεν,from heaven,2,,ἀθέριζον,did despise,1,,ἐγένοντο,reared,1
κατὰ,in,2,,ὑμῖν,than you,1,,Ἀχαιΐδα,of Achaea,1
Ἀθήνη,Athene,2,,οὐ δὲ,nor,1,,περὶ ἐστὲ,are chief,1
αἰγιόχοιο,aegis-bearing,2,,ἐμάχοντο,they fought,1,,σφῶϊν,of you two,1
αὐτοῦ,him,2,,καρτίστοις,with the mightiest,1,,μάχεσθαι,in war,1
Πηλεΐδης,the son of Peleus,2,,αἰσχύνομαι,I am afraid,1,,Τρῶες,of the Trojans,1
ἀνθρώπων,of men,2,,ἀγὼν τῆς δίκης,trial,1,,πυθοίατο,they hear,1
τάδε,this,2,,τινὶ,a sort of,1,,βουλὴν,in counsel,1
πάντα,all,2,,δοκεῖν,think,1,,πίθεσθ᾽,Listen,1
ἐπιτηδείων,friends,2,,δυνατὸν,possible,1,,ἄμφω,you both,1
σοῦ,you,2,,δόξῃ,people will think that,1,,ἐστὸν,are,1
ἡμᾶς,us,2,,ἐσώσαμεν,we did save,1,,ἠέ,than,1
καὶ καὶ,both and,2,,καὶ,quite,1,,ὑμῖν,you,1
οὐδὲ,not,2,,κακίᾳ,base,1,,ἀθέριζον,despise,1
οὐχὶ,not,2,,ὡς,the fact that,1,,καρτίστοις,the mightiest,1
σοί,to you,2,,οἷόν τε,though,1,,ἐμάχοντο,with they fought,1
ἡμῖν,to us,2,,ὅρα,Take care that,1,,αἰσχύνομαι,am shamed,1
ἀφῖξαι,have you come,2,,ταῦτα,these things,1,,τῇ ἡμετέρᾳ,on our part,1
ἵνα,that,2,,μία,just one possible,1,,δόξῃ,will think,1
οὐδ᾽,not,2,,ἔτι,any longer,1,,καὶ,both,1
τί,why,2,,οἷόν τε,it can,1,,δυνατὸν,quite,1
πλοῖον,ship,2,,μᾶλλον δὲ,or rather,1,,τινὶ,sort of,1
ἐκεῖ,there,2,,δεῖ,must,1,,δοκεῖν,will think,1
ἥξει,it will come,2,,πεπρᾶχθαι,be done,1,,ἐξὸν,it might,1
οὖν,Now,2,,ὥρα,it is time,1,,κατάγελως,the crowning absurdity,1
δεῖ,must,2,,οὖν,Yes,1,,τουτί,that,1
τοίνυν,Well,2,,βαθύς,Just,1,,οἵτινές,since,1
ἦν,was,2,,ὄρθρος,before dawn,1,,περὶ σὲ,of yours,1
τί,What,2,,φοιτᾶν,come,1,,ἀγὼν,trial,1
ἐνύπνιον,dream,2,,συνήθης,used to,1,,ἐσώσαμεν,we save,1
ἔτι,besides,2,,μοί,me,1,,οἷόν τε ὂν,it was possible,1
οἳ,who,2,,ἐπιεικῶς,little,1,,ὅρα,Take care,1
ἀναλίσκειν,to spend,2,,παρακάθησαι,sitting,1,,τε καὶ,both and,1
φίλους,friends,2,,ἐπήγειράς,did you wake,1,,οἷόν τε,it can be done,1
ἐνθένδε,from here,2,,ἀλλὰ,instead of,1,,ὥρα,time,1
μᾶλλον,more,2,,ὡς ἥδιστα,as pleasantly as possible,1,,πεπρᾶχθαι,done,1
μέγιστα,greatest,2,,θαυμάζω,I have been wondering at,1,,μᾶλλον,rather,1
δόξης,opinion,2,,σοῦ,you,1,,μία,just one,1
τοῦτον,this,2,,οὐ μὰ,No no,1,,δὲ,or,1
ἡμῖν,for us,2,,τὸν Δία,by Zeus,1,,δεῖ,must be,1
ἄλλων,other,2,,οὐκ ἤγειρον,refrained from waking,1,,πείθου μοι,do as I say,1
μήτε,not,2,,τοῦ,a,1,,μηδαμῶς ἄλλως ποίει,don t refuse,1
ὅτι,what,2,,ἐν,throughout,1,,πάνυ μὲν οὖν,Yes very,1
σαυτὸν,yourself,2,,πολὺ μάλιστα,more than ever,1,,ὄρθρος βαθύς,Just before dawn,1
μηδένα,no one,2,,παντὶ,hitherto,1,,εὐεργέτηται ὑπ᾽ ἐμοῦ,I have done for him,1
ὥστε,so that,2,,τρόπου,of disposition,1,,μοί,to me,1
δέ,And,2,,ἀγανακτεῖν,were disturbed,1,,συνήθης,used,1
ἀνὴρ,a man,2,,εἰ,because,1,,τὸ φοιτᾶν,come,1
ἀεὶ,always,2,,ἐπιλύεται,does prevent,1,,ἀλλὰ,instead,1
ἂν,if,2,,ἀγανακτεῖν,being disturbed,1,,ἐπήγειράς,you wake,1
καλῶς,right,2,,ἐπιτηδείοις,friends,1,,παρακάθησαι,sitting by,1
πάσας,all,2,,δοκεῖν μοι,I think,1,,οὐ,No,1
τὰς,the,2,,αὔριον,tomorrow,1,,ἀγρυπνίᾳ,sleepless,1
ναί,Yes,2,,οἶμαι,I do think,1,,σοῦ,at you,1
ἑνὸς,of one man,2,,ταύτῃ,so,1,,τοσαύτῃ,so,1
μόνου,only,2,,ἔστω,be it,1,,μὰ τὸν Δία,by Zeus,1
ἐπαίνους,praise,2,,τούτων,of these matters,1,,ἥδιστα,as pleasantly as possible,1
ἑνὶ,one man,2,,φασί,say,1,,οὐκ ἤγειρον,I refrained from waking,1
αὐτοῦ,his,2,,τοι,those,1,,θαυμάζω,I have been wondering,1
πολλῶν,of many,2,,οὐκ ἐγεῖραί,let sleep,1,,λύπῃ,sorrowful,1
εἰς,upon,2,,προσελθοῦσα,came to me,1,,πρότερον,hitherto,1
τί,what,2,,ἵκοιο,thou wouldst come to,1,,τρόπου,of a disposition,1
ἔστι,is,2,,ἐδόκει μοι,I dreamed,1,,μάλιστα,more than ever,1
ἀδίκων,wrong,2,,τὸ,A,1,,ἐν παντὶ,throughout,1
δίκαιον,right,2,,ἴσασιν,do know,1,,παρεστώσῃ,resent,1
δικαίων,right,2,,εὑρήσω,can find,1,,εἰ,if,1
τῶν,their,2,,οἷον,as,1,,ἀγανακτεῖν,disturbed,1
ἄνδρες,men,2,,ἐπιτηδείου,a friend,1,,ὄντα,I were,1
πείθεσθαι,obeyed,2,,οἷός ὤν,I could have,1,,ἐπιλύεται,prevent from,1
ἀγέλαι,herds,2,,ἔτι καὶ νῦν,even now,1,,τὸ ἀγανακτεῖν,being disturbed,1
αὐτῶν,them,2,,τοιούτου,such,1,,μὴ οὐχὶ,in the least,1
δὲ,however,2,,προθυμουμένων,refused,1,,ὡς,though,1
ἔθνη,nations,2,,ταύτης,that,1,,τοῖς ἐπιτηδείοις,friends,1
τἆλλα,other,2,,ἠθέλησας,we were eager,1,,φαίνεται,apparently,1
ἐθνῶν,nations,2,,ἡμῶν,you,1,,με,I,1
ἔτι καὶ νῦν,even to this day,2,,δόξα,reputation,1,,δοκεῖν,think,1
τούτων,these,2,,περὶ πλείονος,of more importance,1,,εἰς αὔριον,tomorrow,1
οὔτε,not,2,,μέλει,do care,1,,σε,your,1
Περσῶν,of the Persians,2,,ἐπιεικέστατοι,most reasonable men,1,,ἀνάγκη ἔσται,must,1
ὁ Κῦρος,Cyrus,2,,μακάριε,my dear,1,,οἶμαι,I think,1
βασιλεὺς,the king,2,,εἰσὶν,is,1,,ἔστω,be,1
πολέμῳ,war,2,,πολλοὶ,people,1,,ταύτῃ,it,1
ὅταν,when,2,,ἦσαν,they might be,1,,τεκμαίρῃ,is reason for,1
τι,one,2,,τύχωσι,occurs,1,,τούτων,of these,1
δεῖ,they must,2,,δυνατοὶ,able,1,,δὴ,So,1
νόμοι,laws,2,,οὐδέτερα,neither of the two,1,,οἱ κύριοι,who have charge,1
αὐτοὺς,themselves,2,,οὔτε οὔτε,not or,1,,φασί,those say,1
οἱ,The,2,,οἷοί εἶναι,could,1,,τῆς ἑτέρας,tomorrow,1
πολῖται,citizens,2,,κίνδυνον,risk,1,,τεκμαίρομαι,my reason is,1
ὧδε,as follows,2,,ἔασον,let,1,,κεν ἵκοιο,thou wouldst come to,1
παῖδας,boys,2,,πρὸς,besides,1,,προσελθοῦσα,came to,1
ἀλλήλους,one another,2,,ἡμεῖς,us,1,,οὖν,at any rate,1
κολάζουσι,they punish,2,,συχνὰ,a good deal of,1,,νῦν,now,1
μάλιστα,most,2,,τι,in some way,1,,ἴσασιν,know,1
δοκεῖ,it seems,2,,σώσαντές,provided we save,1,,οἷός τ᾽ ὤν,I could have,1
ὁρῶσι,they see,2,,ἔτι,even,1,,τοιούτου,such as,1
διδάσκουσι,they teach,2,,που,since,1,,τοῦ ἐπιτηδείου,a friend,1
ἣ,which,1,,ἀλλ᾽,Now,1,,ἔτι καὶ,even,1
ἰφθίμους,valiant,1,,ποίει,do,1,,εὑρήσω,find,1
τεῦχε,made,1,,οὐδὲ,not,1,,προθυμουμένων,were eager,1
ἄναξ,king,1,,ἐξαγαγεῖν,get away,1,,ταύτης,than that,1
οὐλομένην,destructive,1,,πολὺ,a large sum of,1,,ἡμῶν,we,1
διαστήτην,they parted,1,,φοβοῦ,do fear,1,,πλείονος,more,1
ἑλώρια,spoil,1,,οὐχ ὁρᾷς,don t you see,1,,οὐκ ἠθέλησας,refused,1
οὗ,the time when,1,,ἔπειτα,Besides,1,,φροντίζειν,considering,1
τὰ πρῶτα,first,1,,ἐμοῦ,me,1,,μακάριε,dear,1
Πηληϊάδεω,Peleus son,1,,κηδόμενος,because you care for,1,,οἱ ἐπιεικέστατοι,the most reasonable men,1
οἰωνοῖσί,bird,1,,οἴει,you think,1,,μέλει,care,1
πᾶσι,every,1,,τἀμά,my money,1,,οἷοί τ᾽ εἰσὶν,is able,1
ψυχὰς,souls,1,,ἀποκάμῃς,do give up,1,,καὶ,also,1
ἐρίσαντε,in strife,1,,φοβούμενος,through fear of,1,,δυνατοὶ,they are able,1
βουλή,the plan,1,,ἐξελθὼν,if you went away,1,,οὐδέτερα,neither of,1
ἄειδε,sing,1,,πολλαχοῦ,many,1,,ὅτι,whatever,1
πολλὰς,many,1,,λυπεῖν,shall annoy,1,,οἷοί τ᾽ εἶναι,could,1
μῆνιν,The wrath,1,,ποιήσονται,will make,1,,οὔτε,not,1
Ἀτρεΐδης,Atreus son,1,,ἄλλοσε,in other places,1,,ὤφελον,I wish,1
Ἀχιλῆος,of Achilles,1,,πολλοῦ,much,1,,ἂν τύχωσι,occurs to them,1
ἐτελείετο,came to fulfillment,1,,τε,just,1,,οἱ πολλοὶ,the people,1
δ᾽,thus,1,,οἱ,your,1,,οἷοί τ᾽ ἦσαν,they might be able,1
κύνεσσιν,for dogs,1,,σπεύδεις,you are eager to,1,,σώσαντές,we save,1
μυρί᾽,countless,1,,οὐδὲ,not even,1,,τι,some,1
θεῶν,of the gods,1,,σωθῆναι,save yourself,1,,ἆρά,are you,1
τίς,Who,1,,ἐχθροί,enemies,1,,ἔασον χαίρειν,let go,1
ξυνέηκε,brought together,1,,ἅπερ,what,1,,ἐσμεν,it is,1
σφωε,these two,1,,ἔμοιγε δοκεῖς,I think,1,,κινδυνεύειν,to run risk,1
Λητοῦς,of Leto,1,,τύχωσι,they happen,1,,ἡμεῖς,for us,1
υἱός,The son,1,,εἴωθεν,generally comes,1,,γάρ,since,1
βασιλῆϊ,against the king,1,,τοιούτων,such treatment,1,,συχνὰ,good deal of,1
χολωθεὶς,in anger,1,,προδιδόναι,are abandoning,1,,ἐμοὶ πείθου,do as I ask,1
κακήν,evil,1,,ἂν ἕλοιτο,would choose,1,,οὐδὲ,not even,1
ὀλέκοντο,began to perish,1,,ἅπερ,as,1,,φοβοῦ,fear,1
τὸν,the,1,,ῥᾳθυμότατα,laziest way,1,,ἐξαγαγεῖν,get you away,1
Χρύσην,Chryses,1,,χρὴ,ought to,1,,πολὺ,a large sum,1
λαοί,the people,1,,ἀξία,is worth,1,,ὁρᾷς,you see,1
ὄρσε,roused,1,,χαλεπωτέρα,hard to bear,1,,οὐχ,don t,1
οὕνεκα,because,1,,φίλε,My dear,1,,ἐπ᾽,to,1
ἀνὰ,throughout,1,,τοσούτῳ,the more,1,,αὐτὸ,this,1
μάλιστα,most of all,1,,ὀρθότητος,rightly,1,,ὡς,which,1
ἀνὰ,on,1,,πείθεσθαι,follows,1,,κηδόμενος,you care,1
φέρων,bearing,1,,πρακτέον,we ought to do,1,,ἐμοῦ,for me,1
νῆας,the ships,1,,σκοπεῖσθαι,examine,1,,τἀμά,my,1
λίσσετο,he implored,1,,χρὴ,must,1,,τι,because,1
κοσμήτορε,the marshallers,1,,οἷος,who,1,,ὑπάρχει,have at your command,1
ἦλθε,had come,1,,ἥδε,this,1,,μήτε,And not,1
θοὰς,swift,1,,μοι,to us,1,,φοβούμενος,through fear,1
στέμματ᾽,the wreaths,1,,οὐ δύναμαι,I cannot,1,,ἐξελθὼν,you went away,1
ἑκηβόλου,who strikes from afar,1,,γέγονεν,has happened,1,,ἀποκάμῃς,give up,1
ἀπερείσι᾽,past counting,1,,ἐκβαλεῖν,discard,1,,χρῷο,to do,1
σκήπτρῳ,a staff,1,,οὐδ᾽,not even,1,,λυπεῖν,annoy,1
χερσὶν,hands,1,,ἔχωμεν,we can,1,,πολλαχοῦ,in many places,1
χρυσέῳ,of gold,1,,λέγειν,bring forward,1,,περὶ ποιήσονται,will make much of,1
λυσόμενός,to free,1,,πλείω,more,1,,ἅπερ ἂν,just what,1
ἐκπέρσαι,sack,1,,τῷ παρόντι,our present situation,1,,οἱ ἐχθροί,enemies,1
ἱκέσθαι,return,1,,νῦν,at present,1,,γενέσθαι,to bring,1
ἐϋκνήμιδες,well-greaved,1,,ταῖς μὲν,some,1,,σωθῆναι,save,1
δοῖεν,may grant,1,,προσέχειν τὸν νοῦν,to pay attention,1,,σπεύδεις,you are eager,1
δώματ᾽,homes,1,,εἴ τί,whether,1,,σου,your,1
Ἀτρεΐδαι,Sons of Atreus,1,,ὁ αὐτός,the same,1,,τὸ εἰκός,probably,1
Ὀλύμπια,upon Olympus,1,,ἄλλως,merely,1,,ἐξὸν,might,1
Ἀχαιοί,Achaeans,1,,ἐμὲ,we,1,,καὶ,And,1
ὑμῖν,to you,1,,δὲ,whereas,1,,σὸν,you,1
ἄλλοι,other,1,,λόγου,argument,1,,τύχωσι,they happen to meet with,1
εὖ,safe,1,,ἀποθνῄσκειν,was condemned to death,1,,προδιδόναι,you are abandoning,1
οἴκαδ᾽,to homes,1,,χαίρειν,give it up,1,,εἴωθεν γίγνεσθαι,generally comes,1
ἔχοντες,who have,1,,ποιεῖσθαι,be esteemed,1,,δοκεῖς,think,1
θεοὶ,the gods,1,,δέοι,ought to,1,,ἔμοιγε,I,1
Πριάμοιο,of Priam,1,,λέγειν,speaking,1,,τοιούτων,such,1
φίλην,dear,1,,οἰομένων,who thought,1,,ἕλοιτο,would choose,1
υἱὸν,the son,1,,ἑκάστοτε,sensibly,1,,ῥᾳθυμότατα,laziest,1
ἑκηβόλον,who strikes from afar,1,,πρὸς θεῶν,In God s name,1,,χρὴ,one ought to,1
δέχεσθαι,accept,1,,δοκεῖ,do you think,1,,ἅπερ ἂν,as,1
παῖδα,child,1,,σκόπει,say,1,,φίλε,dear,1
λύσαιτε,release,1,,οὐδὲ,and not,1,,ὀρθότητος,rightly directed,1
Ἀπόλλωνα,Apollo,1,,πάντων,all,1,,ἀξία,worth,1
αἰδεῖσθαί,to reverence,1,,τιμᾶν,to esteem,1,,χαλεπωτέρα,more hard,1
δέχθαι,accept,1,,δοκεῖ σοι,do you think,1,,σκοπεῖσθαι,we must examine,1
ἐπευφήμησαν,shouted assent,1,,καλῶς,TRUE,1,,χρὴ,ought,1
ἔνθ᾽,Then,1,,χρὴ,we ought,1,,πείθεσθαι,who follows,1
κακῶς,harshly,1,,λέγεσθαι,in saying,1,,πρακτέον,to do,1
ἀλλ᾽,yet,1,,φῄς,do you think,1,,πρῶτον,only,1
μῦθον,a command,1,,χρησταὶ,the good ones,1,,ἐκβαλεῖν,I discard,1
θυμῷ,the heart,1,,πονηραὶ,the bad ones,1,,οὐ δύναμαι,cannot,1
κρατερὸν,stern,1,,τοιαῦτα,this,1,,ἡ τύχη γέγονεν,this has happened,1
Ἀγαμέμνονι,of Agamemnon,1,,γυμναζόμενος,If is an athlete,1,,ἔχωμεν,we bring forward,1
Ἀτρεΐδῃ,son of Atreus,1,,τὸν νοῦν προσέχει,does he pay attention,1,,παρόντι,present situation,1
ἀφίει,he sent away,1,,πράττων,makes his business,1,,τῷ,our,1
δηθύνοντ᾽,tarrying,1,,ἐκείνου,that,1,,πλείω,even more,1
ἢ ἢ,either or,1,,φοβεῖσθαι,to fear,1,,οὐδ᾽,not,1
στέμμα,the wreath,1,,χρὴ,he ought,1,,τῶν παρόντων,than at present,1
χραίσμῃ,protect,1,,ἑνὸς,of one man,1,,προσέχειν τὸν νοῦν,to pay attention to,1
κιχείω,Let find,1,,δῆλα,Obviously,1,,σὺ,you some,1
αὖτις,back,1,,ἐπιστάτῃ,who is director,1,,χαίρειν,give up,1
ἰόντα,coming,1,,πρακτέον,must act,1,,αὐτός,same,1
νηυσὶ,the ships,1,,ἐπαΐοντι,who knows the business,1,,εἴ,whether,1
ὕστερον,later,1,,ἀπειθήσας,if he disobeys,1,,δεῖν ἀποθνῄσκειν,was condemned to death,1
κοίλῃσιν,hollow,1,,ἐπαϊόντων,who have special knowledge,1,,ὁ,the,1
ἐγὼ,me,1,,πείσεται,come to,1,,ἐμὲ,I,1
παρὰ,by,1,,τείνει,does it act,1,,μὲν δὲ,whereas,1
γέρον,old man,1,,ἀπειθοῦντος,who disobeys,1,,ποιεῖσθαι,esteemed,1
λύσω,will set free,1,,κακὸν,harm,1,,λέγειν,were speaking,1
ἐμὸν,my,1,,τοῦ,of the one,1,,νυνδὴ,now,1
γῆρας,old age,1,,δικαίων,of right,1,,τῶν οἰομένων,those who thought,1
ἱστὸν,the loom,1,,ἐπαΐων,who knows,1,,δέοι,ought to be,1
ἐνὶ,in,1,,ἀκολουθήσομεν,we do follow,1,,τοῦτο πρὸς θεῶν,In God s name,1
Ἄργεϊ,Argos,1,,ἵνα μὴ,not to,1,,καλῶς λέγεται,Is true,1
ἀντιόωσαν,serves,1,,περὶ,in questions,1,,σὲ,your,1
τηλόθι,far from,1,,δεῖ,we ought,1,,λέγεσθαι,saying,1
πάτρης,native land,1,,αἰσχύνεσθαι,to revere,1,,πάντων,of all men,1
λέχος,bed,1,,ἐγίγνετο,is,1,,χρὴ,we ought to,1
πρίν,Sooner,1,,δεῖ,ought,1,,τιμᾶν,esteem,1
ἡμετέρῳ,our,1,,καλῶς,Right,1,,ὅσα τἀνθρώπεια,humanly speaking,1
ἔπεισιν,shall come upon,1,,ἕπεσθαι,to follow,1,,καλῶς,It is,1
οἴκῳ,house,1,,πάντα,all,1,,πονηραὶ,the bad,1
ὥς,that,1,,μὴ τῶν ἐπαϊόντων,of the ignorant,1,,χρησταὶ,the good,1
ἴθι,go,1,,δή,then,1,,τοιαῦτα,about this,1
κε νέηαι,you may return,1,,νοσώδους,disease,1,,ἐκείνου,to those,1
ἐπείθετο,obeyed,1,,τὸ,that,1,,γυμναζόμενος,is an athlete,1
γέρων,old man,1,,ὑγιεινοῦ,health,1,,τὸν νοῦν προσέχει,he pay attention to,1
μύθῳ,word,1,,γιγνόμενον,which is,1,,πράττων,makes business,1
ἔδεισεν,was seized with fear,1,,φέρε,Well,1,,χρὴ,he ought to,1
θαλάσσης,of the sea,1,,λωβᾶται,is injured,1,,φοβεῖσθαι,fear,1
βῆ,He went forth,1,,σώματος,body,1,,ἑνὸς,one,1
παρὰ,along,1,,περὶ,with,1,,ἐκείνου,man,1
θῖνα,the shore,1,,ὀνίνησιν,improved,1,,τοῦ,that,1
ἀκέων,in silence,1,,ἡγούμεθα,do we think,1,,δῆλα δή,Obviously,1
πολυφλοίσβοιο,loud-resounding,1,,ἀδικία,right,1,,τῷ,who,1
ἠΰκομος,fair-haired,1,,δικαιοσύνη,wrong,1,,ᾗ ἂν,as,1
γεραιὸς,old man,1,,διεφθαρμένου,when is ruined,1,,πρακτέον,act,1
ἠρᾶθ᾽,prayed,1,,ἐστίν,is,1,,ἐπαΐοντι,knows,1
ἀπάνευθε,apart,1,,ὃ,which,1,,ἐπιστάτῃ,director,1
τέκε,bore,1,,ὅτι,that,1,,πείσεται,will he come to,1
κιὼν,when he had gone,1,,πολύ,Much,1,,ἐπαϊόντων,who have knowledge,1
τὸν,whom,1,,ἐροῦσιν,will say of,1,,ἀπειθήσας,he disobeys,1
Λητώ,Leto,1,,ἡμᾶς,us,1,,πῶς γὰρ οὔ,Of course,1
Ἀπόλλωνι,to Apollo,1,,φροντιστέον,must consider,1,,τὸ κακὸν,harm,1
ἄνακτι,the lord,1,,οὕτω,not,1,,τοῦ ἀπειθοῦντος,who disobeys,1
πολλὰ,earnestly,1,,εἰσηγούμενος,when began,1,,τῶν,of the,1
ταύρων,of bulls,1,,εἰσηγῇ,you introduced,1,,τείνει,it act,1
μοι,for me,1,,ἐπιχειρήσαντες,who have aspired,1,,ἡ βουλὴ ἐστιν,are considering,1
ἀμφιβέβηκας,stand over,1,,πολιτεύεσθαι,to live,1,,ἀκολουθήσομεν,we follow,1
ἀργυρότοξ᾽,god of the silver bow,1,,οἱ δὲ,they,1,,δεῖ,ought to,1
ἶφι,mightily,1,,κἂν,or if,1,,ᾧ,him,1
νηὸν,a temple,1,,χρόνον,a time,1,,ἕπεσθαι,follow,1
ἐέλδωρ,prayer,1,,καὶ,also,1,,καλῶς λέγεις,Right,1
μευ,me,1,,τοὺς δὲ,and some,1,,περὶ,in questions of,1
κρήηνον,fulfill,1,,οἰκέτας,servants,1,,ἐπαΐων,who knows about,1
πίονα,fat,1,,καὶ,rather,1,,βέλτιον ἐγίγνετο,is benefited,1
ποτέ,ever,1,,ὀλίγους,few,1,,αἰσχύνεσθαι,revere,1
ἔρεψα,I roofed,1,,καταμεμαθηκέναι,had observed,1,,ἵνα,to,1
ζαθέην,holy,1,,ἔχοντας,who had,1,,πάντα,them all,1
κλῦθί,Hear,1,,τούτοις,this,1,,δικαίων,right,1
Κίλλάν,Cilla,1,,ἱπποφορβοὶ,grooms,1,,τοῦτο,in this,1
βέλεσσιν,by arrows,1,,μᾶλλον,more,1,,δεῖ,we ought to,1
δάκρυα,tears,1,,ἂν νομίζοιντο,might be regarded,1,,τοῦ νοσώδους,disease,1
Δαναοὶ,the Danaans,1,,ἐδοκοῦμεν,we noticed,1,,τοῦ ὑγιεινοῦ,health,1
σοῖσι,your,1,,ἐπιστατῶσι,they are placed in charge,1,,φέρε δή,Well then,1
εὐχόμενος,in prayer,1,,οἱ καλούμενοι,who are called,1,,μὴ ἐπαϊόντων,of ignorant,1
ὤμοισιν,on shoulders,1,,πρὸς,in addition to,1,,τὸ βέλτιον γιγνόμενον,which is benefited,1
Οὐλύμποιο,of Olympus,1,,ὧν,over which,1,,δικαιοσύνη,right,1
ἔχων,bearing,1,,ὧν,of those from which,1,,διεφθαρμένου,ruined,1
ἀμφηρεφέα,covered,1,,ἀπείργωσι,he excludes,1,,λωβᾶται,is injured by,1
φαρέτρην,quiver,1,,νέμονταί,graze,1,,ὅτι,which,1
κῆρ,at heart,1,,ἐφ᾽,in,1,,περὶ,concerned with,1
χωόμενος,angered,1,,οὕτως,just,1,,σώματος,than body,1
τοῦ,him,1,,βούλωνται,will,1,,ἀδικία,wrong,1
ἔκλυε,heard,1,,ὅπως,as,1,,ἡγούμεθα,we think,1
τόξ᾽,bow,1,,ᾐσθήμεθα,we have known,1,,ὀνίνησιν,improved by,1
βῆ,he strode,1,,χρῆσθαι,of enjoying,1,,οὐδαμῶς,By no means,1
κινηθέντος,as moved,1,,τοίνυν,then again,1,,τιμιώτερον,more important,1
ὤμων,the shoulders,1,,ἀλλοφύλοις,to strangers,1,,πολύ,Much more,1
αὐτοῦ,he,1,,μὴ πείθεσθαι,refuse obedience,1,,ἡμᾶς,of us,1
χωομένοιο,of the angry,1,,ὡς,to,1,,ἐροῦσιν,will say,1
ἔκλαγξαν,rattled,1,,μὴ ἐπιτρέπειν,deny,1,,οὐκ,not,1
ὀϊστοὶ,The arrows,1,,ἄλλων,other,1,,φροντιστέον,consider,1
νυκτὶ,the night,1,,ὡς,that,1,,εἰσηγῇ,introduced,1
ἔπειτ᾽,Then,1,,πεφυκότι,as he is constituted,1,,εἰσηγούμενος,you began by saying,1
ἀπάνευθε,apart from,1,,οὔτε,nor,1,,μὲν,And,1
νεῶν,the ships,1,,μὴ οὔτε,neither,1,,πολιτεύεσθαι,to live under,1
ἕζετ᾽,he sat down,1,,Κῦρος,one Cyrus,1,,κἂν,if,1
γένετ᾽,was,1,,ἀνθρώπους,men,1,,μὲν δὲ,either or,1
ἀργυρέοιο,silver,1,,παμπόλλους,a vast number,1,,πως,any form,1
κλαγγὴ,the twang,1,,μετανοεῖν,to change opinion,1,,ἐπιχειρήσαντες,have aspired to,1
βιοῖο,of the bow,1,,καὶ ὅμως,Nevertheless,1,,οἱ,they,1
δεινὴ,terrible,1,,τοὺς μὲν,some,1,,τυραννεῖν,absolute power,1
βέλος,shafts,1,,ἑωρακότας,although they had seen,1,,δημοκρατίᾳ,a republican,1
βάλλ᾽,struck,1,,ἀπέχοντας,were distant,1,,καὶ,moreover,1
οὐρῆας,The mules,1,,εἰδότας,who knew,1,,χρόνον,time,1
κύνας,the dogs,1,,καὶ γάρ,But,1,,οἰκέτας,of servants,1
ἐπῴχετο,he assailed,1,,Περσῶν,of Persians,1,,πάνυ,only,1
ἐφιεὶς,he let fly,1,,ὄντων,although are,1,,ὀλίγους,a very few,1
αὐτὰρ,but,1,,Θρᾳκῶν,Thracians,1,,οὐδὲ δυναμένους,unable,1
ἀργούς,swift,1,,τοσοῦτον,so,1,,τοὺς δὲ,some also,1
ἐχεπευκὲς,stinging,1,,Σκύθης,Scythian,1,,ἔχοντας,had,1
νεκύων,of the dead,1,,καὶ,so,1,,καταμεμαθηκέναι,we had observed,1
αἰεὶ,constantly,1,,αὐτόνομα,free,1,,πρὸς,in addition,1
πυραὶ,the pyres,1,,παρειληφότων,who have inherited,1,,ὁρᾶν,we noticed,1
καίοντο,burned,1,,Ἰλλυριῶν,Illyrians,1,,τούτοις,to this,1
θαμειαί,thick,1,,ὁ μὲν,the,1,,καλούμενοι,are called,1
καλέσσατο,called,1,,ἑκόντων,by full consent,1,,ἂν νομίζοιντο,might be regarded as,1
ᾤχετο,ranged,1,,δύναιτ᾽ ἂν,would be able,1,,τούτων,over which,1
ἐννῆμαρ,For nine days,1,,κτησαμένων,who have gained,1,,οἱ ἱπποφορβοὶ,grooms,1
ἀγορὴν,to assembly,1,,ὅμως,for all that,1,,μᾶλλον,more readily,1
ἀνὰ,among,1,,ἐμβαλεῖν,to awaken in,1,,ἐδοκοῦμεν,we thought,1
κῆλα,the missiles,1,,πάντας,all men,1,,ἐπιστατῶσι,they are in charge,1
θῆκε,had put,1,,ποίᾳ,what sort,1,,βούλωνται,he will,1
φρεσὶ,heart,1,,ὅσα,what,1,,ὧν,of those,1
ἐπὶ,in,1,,αὕτη,this,1,,νέμονταί,graze in,1
ὅτι,when,1,,μητρὸς,mother,1,,ὅπως ἂν,just as,1
Δαναῶν,the Danaans,1,,ὁμολογεῖται,it is agreed,1,,ἂν ἀπείργωσι,he excludes,1
γὰρ,since,1,,Μήδων,of Medes,1,,ἐφ᾽,to,1
κήδετο,she pitied,1,,πάντα,all sorts,1,,ᾐσθήμεθα,we have known of,1
ὁρᾶτο,she saw,1,,ἀνατλῆναι,endured,1,,χρῆσθαι,that accrue,1
θνήσκοντας,dying,1,,τοῦ ἐπαινεῖσθαι,of praise,1,,πείθεσθαι,obedience,1
ἀνιστάμενος,arose,1,,δημοσίᾳ,out of the public treasury,1,,τοῖς ἀλλοφύλοις,to strangers,1
ἐπεὶ,When,1,,ἐπιμελεῖται,sees,1,,ἔτι,then,1
ἤγερθεν,were assembled,1,,ἐστιν,is,1,,τοίνυν,again,1
μετέφη,spoke,1,,ὅπως ἂν,that,1,,μὴ ἐπιτρέπειν,to deny,1
ἀπονοστήσειν,beaten back,1,,θηρᾷ,in the hunt,1,,πεφυκότι,he is constituted,1
θάνατόν,death,1,,ἡ,the,1,,τῶν ἄλλων,other,1
γε,even,1,,αὐτοῖς,their,1,,ὡς,as,1
ἄμμε,we,1,,τὸν,itself,1,,οὔτε οὔτε,neither nor,1
ἂψ,again,1,,ὁδοιπορίαις,long tramps,1,,μετανοεῖν,to change our opinion,1
ὁμοῦ,alike,1,,ψύχη,heat,1,,παμπόλλους,vast number,1
πόλεμός,war,1,,παραπίπτῃ,it comes in way,1,,Κῦρος,Cyrus,1
δαμᾷ,are to ravage,1,,ὅπου ἂν,whenever,1,,ἀνθρώπους,of men,1
Ἀτρεΐδη,Son of Atreus,1,,θάλπη,cold,1,,ἑωρακότας,had seen,1
λοιμὸς,pestilence,1,,καὶ,or,1,,εἰδότας,knew,1
παλιμπλαγχθέντας,shall return home,1,,τὸ,the one,1,,ἀπέχοντας,were distant from,1
Διός,Zeus,1,,γιγνόμενον,that comes,1,,τοὺς μὲν,some of them,1
βούλεται,be willing,1,,ἐπιφερόμενον,that threatens to attack,1,,ὅμως,Nevertheless,1
ὅ τι,why,1,,φυλάξασθαι,be on guard against,1,,τοὺς δὲ,still others,1
εἴτ᾽,whether,1,,ἄπεστι,is not required,1,,τοὺς δὲ,others although,1
ὄναρ,a dream,1,,θήγεσθαι,whet,1,,τοσοῦτον,so very,1
τινα,some,1,,ῥᾴδιον,it is easy,1,,Σκύθης,Scythian king,1
ἐχώσατο,is angry,1,,ἐπιμελούμενοι,in their care for,1,,Ἰλλυριῶν,with Illyrians,1
ἐρείομεν,let us ask,1,,πόλεσιν,states,1,,ὄντων,are,1
ὀνειροπόλον,reader of dreams,1,,ἐν,in conformity with,1,,λελύσθαι,free,1
μάντιν,seer,1,,ὃν,a person whom,1,,ἑκόντων,by their full consent,1
τελείων,unblemished,1,,ζημίαν ἐπέθεσαν,they punish,1,,Περσῶν,Persians,1
ἱερῆα,priest,1,,τοιοῦτοι,of such a character,1,,δύναιτ᾽ ἂν,would never be able,1
ἠδ᾽,or,1,,ἐπιμέλονται,they take,1,,ὥσθ᾽,for instance,1
ἀρνῶν,of lambs,1,,εὐκοσμίᾳ,upon orderly life,1,,τῶν κτησαμένων,those who have gained their crowns,1
κνίσης,the savour,1,,μιγνύηται,may intrude,1,,Θρᾳκῶν,with Thracians,1
ὅς,who,1,,ἀπελήλανται,are relegated,1,,γάρ,But,1
τόσσον,so,1,,τὰ μὲν,The,1,,τῶν παρειληφότων,those who have inherited,1
ἑκατόμβης,a hecatomb,1,,ἔστιν,belongs,1,,τοῦ,his,1
ἐόντα,that were,1,,παισίν,to the boys,1,,πατρίους,from fathers,1
τά,the things,1,,πάρεισιν,come,1,,πορεύεσθαι,journey,1
Θεστορίδης,son of Thestor,1,,ταῖς,certain,1,,πάντας,in all,1
Κάλχας,Calchas,1,,καλόν,it is proper,1,,ὁμογλώττων,they speak the same language,1
μαντοσύνην,prophetic powers,1,,ἐπιζητοῦνται,inquiry is made,1,,ἀλλήλοις,the same as another,1
ὄχ᾽,far,1,,τὰ καθήκοντα,duty,1,,ἐμβαλεῖν,to awaken,1
διὰ,by,1,,βελτίστους,the best men,1,,φύσιν,natural endowments,1
οἰωνοπόλων,of bird-diviners,1,,ἀποδεικνύναι,to make out,1,,θαυμάζεσθαι,admiration,1
ἐόντα,that had been,1,,οἳ,on their part,1,,ποίᾳ τινὶ,what sort of,1
πρό,before,1,,ἃ,what duties,1,,καὶ,or,1
εἴσω,to,1,,προστέτακται,are assigned to,1,,ὁμολογεῖται,it is generally agreed,1
Ἴλιον,Ilios,1,,ἂν εἶεν,may prove to be,1,,Μήδων,of the Medes,1
τήν,which,1,,ἡλικίᾳ,age,1,,μητρὸς,His mother,1
νήεσσ᾽,the ships,1,,γένηται,it may be,1,,ἀνατλῆναι,he endured,1
ᾔδη,knew,1,,παρ᾽ ἡμῖν,in our country,1,,τοῦ ἐπαινεῖσθαι,praise,1
κέλεαί,you bid,1,,δικάζοντες,in deciding cases,1,,πάντα,all sorts of,1
ἄνακτος,the lord,1,,ἂν,when,1,,δημοσίᾳ,the public treasury,1
ἑκατηβελέταο,who strikes from afar,1,,ἐγκλήματα,charges,1,,ὅπως,that,1
μυθήσασθαι,declare,1,,εἰκός,naturally,1,,ἐπιμελεῖται,sees to it,1
Ἀχιλεῦ,Achilles,1,,οἵων,that,1,,θηρᾷ,takes part in the hunt,1
φίλε,dear,1,,γίγνεται,prefer,1,,αὕτη,the,1
μῆνιν,the wrath,1,,ἄλλων,other things,1,,τε καὶ,not only but,1
ἐγὼν,I,1,,ὃν,any one whom,1,,ἐστιν αὐτοῖς,is their,1
γὰρ,Therefore,1,,ἀχαριστίας,of ingratitude,1,,ψύχη,cold,1
ἐρέω,will speak,1,,ἐγκλήματος,with an offence,1,,ὅπου,whenever,1
σύνθεο,take thought,1,,ἡγεμών,which leads the way,1,,ὁδοιπορίαις,taking tramps,1
ἔπεσιν,with word,1,,ἔχειν,to be,1,,θάλπη,heat,1
ὄμοσσον,swear,1,,τὸ μανθάνειν,learning,1,,ἂν παραπίπτῃ,it comes in their way,1
ἀρήξειν,will defend,1,,σωφρονεῖν,self-control,1,,φυλάξασθαι,they be guard against,1
πείθονται,obey,1,,γαστρὸς,hunger,1,,γιγνόμενον,comes,1
Ἀργείων,the Argives,1,,πρὶν ἂν,until,1,,τὴν,their,1
μέγα,mightily,1,,καὶ,besides,1,,ἀνάγκη,must,1
ὀΐομαι,I think,1,,σιτοῦνται,eat,1,,ἐπιφερόμενον,that attack,1
ἄνδρα,a man,1,,σημήνωσι,direct,1,,ἄπεστι,required,1
χολωσέμεν,I shall anger,1,,πιεῖν,for drinking,1,,ῥᾴδιον,easy,1
κρατέει,rules over,1,,δέ,and,1,,θήγεσθαι,they whet,1
οἱ,whom,1,,ἐξέρχονται,enrolled,1,,φύσιν,the natural endowments,1
βασιλεὺς,a king,1,,ἑπτακαίδεκα,sixteen,1,,ταῖς πόλεσιν,states,1
ὅτε,when,1,,ἄρχουσι,authorities,1,,ἐπιμελούμενοι,in care for,1
χέρηϊ,lesser,1,,μάλιστα,most,1,,ἔνθενπερ,the same point,1
ἀνδρὶ,a man,1,,φυλακῆς,of guarding,1,,ζημίαν ἐπέθεσαν,punish,1
κρείσσων,mightier,1,,σωφροσύνης,of self-control,1,,τοὺς,his,1
χώσεται,he is angry at,1,,τι,any,1,,αὐτοῖς,they,1
ἔχει,he cherishes,1,,δὲ,But,1,,ἐπιμέλονται,the measures they take,1
αὐτῆμαρ,for that day,1,,ἡμίσειαν,half,1,,οἷοι,as,1
ὄφρα,till,1,,ἔτι,also,1,,προλαβόντες,begin at the beginning,1
καταπέψῃ,he swallows down,1,,ὥστε,to,1,,τοιοῦτοι,of such,1
χόλον,wrath,1,,ἀφεῖναι,throw,1,,ἀπελήλανται,are excluded from,1
τελέσσῃ,he brings to fulfillment,1,,,,669,,εὐκοσμίᾳ,orderly life,1
στήθεσσιν,heart,1,,,,,,τὰ,The,1
ἀλλά,yet,1,,,,,,μιγνύηται,may intrude upon,1
κότον,resentment,1,,,,,,ἔστιν,belongs to,1
μετόπισθεν,afterwards,1,,,,,,περὶ,enclosing,1
ἑοῖσι,his,1,,,,,,παισίν,the boys,1
περ,Even,1,,,,,,πάρεισιν,to come,1
σαώσεις,will keep safe,1,,,,,,ἡνίκ᾽,whatever time,1
φράσαι,Say,1,,,,,,καλόν,proper,1
θαρσήσας,Take heart,1,,,,,,ἐπιζητοῦνται,inquiry is made for,1
θεοπρόπιον,oracle,1,,,,,,καθήκοντα,duty,1
οἶσθα,you know,1,,,,,,ἀποδεικνύναι,to make out of,1
εἰπὲ,speak out,1,,,,,,τὰ,their,1
ὅ τι,whatever,1,,,,,,βελτίστους,the best,1
εὐχόμενος,pray,1,,,,,,οἳ,as,1
εὔχεται,claims,1,,,,,,δῆλον,be understood,1
βαρείας,heavy,1,,,,,,ᾗ,what,1
πολλὸν,far,1,,,,,,ἂν εἶεν,may be,1
κοίλῃς,hollow,1,,,,,,ἡλικίᾳ,to age,1
ζῶντος,while live,1,,,,,,γένηται,it may,1
παρὰ,beside,1,,,,,,προστέτακται,are assigned,1
ἐμεῦ,I,1,,,,,,ἃ,what,1
δερκομένοιο,have sight,1,,,,,,ἡμῖν,our,1
Κάλχαν,Calchas,1,,,,,,παρ᾽,in,1
Ἀγαμέμνονα,Agamemnon,1,,,,,,δικάζοντες,deciding cases,1
ἐπὶ,on,1,,,,,,γίγνεται ἐγκλήματα,prefer charges,1
χθονὶ,the earth,1,,,,,,οἵων,things,1
ᾧ,to whom,1,,,,,,ἄλλων,other,1
συμπάντων,of the whole host,1,,,,,,ἐγκλήματος,an offence,1
νηυσί,the ships,1,,,,,,ἀχαριστίας,ingratitude,1
χεῖρας,hands,1,,,,,,περὶ,their,1
Δαναῶν,of the Danaans,1,,,,,,ἡγεμών,leads the way,1
δ᾽,even,1,,,,,,ἂν ἔχειν,are likely to be,1
θεοπροπίας,oracles,1,,,,,,μανθάνειν,learning,1
εἴπῃς,you name,1,,,,,,τὸ,their,1
μάντις,the seer,1,,,,,,σωφρονεῖν αὐτοὺς,self-control,1
ηὔδα,spoke,1,,,,,,πρὶν,until,1
θάρσησε,took heart,1,,,,,,σημήνωσι,so direct,1
ἀμύμων,blameless,1,,,,,,σιτοῦνται,do eat,1
ἀπεδέξατ᾽,accept,1,,,,,,πιεῖν,drinking,1
ἐπιμέμφεται,finds fault,1,,,,,,ἐξέρχονται,are enrolled,1
ἔδωκεν,has given,1,,,,,,ἑπτακαίδεκα,seventeen,1
εὐχωλῆς,of a vow,1,,,,,,ἄρχουσι,of authorities,1
ἑκατόμβης,of a hecatomb,1,,,,,,φυλακῆς,guarding,1
ἠτίμησ᾽,dishonoured,1,,,,,,σωφροσύνης,self-control,1
δώσει,will give,1,,,,,,μάλιστα,the most,1
ἀπώσει,will drive off,1,,,,,,τι,for any,1
ἑλικώπιδα,bright-eyed,1,,,,,,μὲν δὲ,But,1
ἀπριάτην,unbought,1,,,,,,τὴν ἡμίσειαν,half,1
κούρην,the maiden,1,,,,,,θήραν,hunting,1
πατρὶ,father,1,,,,,,δὲ,also,1
Δαναοῖσιν,from the Danaans,1,,,,,,τὸ ἀφεῖναι,to throw,1
ἀνάποινον,unransomed,1,,,,,,,,719
ἄγειν,lead,1,,,,,,,,
ἱερὴν,sacred,1,,,,,,,,
φίλῳ,dear,1,,,,,,,,
πρίν,until,1,,,,,,,,
θ᾽,and,1,,,,,,,,
ἀεικέα,loathsome,1,,,,,,,,
κέν πεπίθοιμεν,we might persuade,1,,,,,,,,
ἱλασσάμενοι,appease,1,,,,,,,,
μιν,him,1,,,,,,,,
ἤτοι,When,1,,,,,,,,
Ἀτρεΐδης,son of Atreus,1,,,,,,,,
ἀχνύμενος,deeply troubled,1,,,,,,,,
ἥρως,the warrior,1,,,,,,,,
εὐρὺ κρείων,wide-ruling,1,,,,,,,,
φρένες,heart,1,,,,,,,,
λαμπετόωντι,blazing,1,,,,,,,,
ἐΐκτην,were like,1,,,,,,,,
πυρὶ,fire,1,,,,,,,,
ἀμφιμέλαιναι,black,1,,,,,,,,
Κάλχαντα,Calchas,1,,,,,,,,
πρώτιστα,first of all,1,,,,,,,,
κάκ᾽,evil,1,,,,,,,,
προσέειπε,To he spoke,1,,,,,,,,
οὐ πώ,never,1,,,,,,,,
μάντι,Prophet,1,,,,,,,,
κακῶν,of evil,1,,,,,,,,
εἶπας,have you spoken,1,,,,,,,,
ποτέ,yet,1,,,,,,,,
τὰ κάκ᾽,evil,1,,,,,,,,
τί,a,1,,,,,,,,
φρεσὶ,to heart,1,,,,,,,,
φίλα,dear,1,,,,,,,,
αἰεί,ever,1,,,,,,,,
πω,yet,1,,,,,,,,
ἐστὶ,is,1,,,,,,,,
εἶπας,you have spoken,1,,,,,,,,
ἔπος,word,1,,,,,,,,
μαντεύεσθαι,to prophesy,1,,,,,,,,
ἐτέλεσσας,brought to pass,1,,,,,,,,
ἐσθλὸν,good,1,,,,,,,,
οὔτέ,never,1,,,,,,,,
αὐτὴν,her,1,,,,,,,,
ἔθελον,would,1,,,,,,,,
Δαναοῖσι,the Danaans,1,,,,,,,,
βούλομαι,I prefer,1,,,,,,,,
Χρυσηΐδος,the daughter of Chryses,1,,,,,,,,
ἀγορεύεις,you claim,1,,,,,,,,
ἀγλά᾽,glorious,1,,,,,,,,
ἔχειν,to keep,1,,,,,,,,
δέξασθαι,accept,1,,,,,,,,
πολὺ,much,1,,,,,,,,
οἴκοι,in home,1,,,,,,,,
ἄλγεα,woes,1,,,,,,,,
προβέβουλα,I prefer,1,,,,,,,,
ἀλόχου,wife,1,,,,,,,,
χερείων,inferior,1,,,,,,,,
ἐστι,she is,1,,,,,,,,
κουριδίης,wedded,1,,,,,,,,
φρένας,in mind,1,,,,,,,,
φυήν,in stature,1,,,,,,,,
δέμας,in form,1,,,,,,,,
ῥα,certainly,1,,,,,,,,
ἔργα,in handiwork,1,,,,,,,,
τό,that,1,,,,,,,,
πάλιν,back,1,,,,,,,,
ἐθέλω,will I,1,,,,,,,,
ἄμεινον,better,1,,,,,,,,
ἀλλὰ,Yet,1,,,,,,,,
δόμεναι,give,1,,,,,,,,
ἀπολέσθαι,perish,1,,,,,,,,
βούλομ᾽,would rather,1,,,,,,,,
Ἀργείων,of the Argives,1,,,,,,,,
ἔοικε,would be proper,1,,,,,,,,
αὐτὰρ,But,1,,,,,,,,
αὐτίχ᾽,forthwith,1,,,,,,,,
ἔρχεται,goes,1,,,,,,,,
ἄλλῃ,elsewhere,1,,,,,,,,
λεύσσετε,you see,1,,,,,,,,
ποδάρκης,swift-footed,1,,,,,,,,
φιλοκτεανώτατε,most covetous,1,,,,,,,,
πάντων,of all,1,,,,,,,,
δώσουσι,shall give,1,,,,,,,,
κύδιστε,Most glorious,1,,,,,,,,
ἴδμεν,We know,1,,,,,,,,
πολίων,from the cities,1,,,,,,,,
ἐπαγείρειν,to gather,1,,,,,,,,
ταῦτ᾽,these things,1,,,,,,,,
ἐξεπράθομεν,we took by pillage,1,,,,,,,,
παλίλλογα,back,1,,,,,,,,
δέδασται,has been apportioned,1,,,,,,,,
τήνδε,the girl,1,,,,,,,,
θεῷ,to the god,1,,,,,,,,
πρόες,give back,1,,,,,,,,
ἀποτείσομεν,we will recompense,1,,,,,,,,
Ἀχαιοὶ,Achaeans,1,,,,,,,,
τετραπλῇ,fourfold,1,,,,,,,,
εὐτείχεον,well-walled,1,,,,,,,,
δῷσι,grants,1,,,,,,,,
ἐξαλαπάξαι,to sack,1,,,,,,,,
Ζεὺς,Zeus,1,,,,,,,,
κρείων,lord,1,,,,,,,,
Ἀχιλλεῦ,Achilles,1,,,,,,,,
περ,though,1,,,,,,,,
ἀγαθός,mighty,1,,,,,,,,
νόῳ,with wit,1,,,,,,,,
θεοείκελ᾽,godlike,1,,,,,,,,
κλέπτε,seek to deceive,1,,,,,,,,
πείσεις,persuade,1,,,,,,,,
παρελεύσεαι,you will get by,1,,,,,,,,
οὕτως,thus,1,,,,,,,,
κέλεαι,you order,1,,,,,,,,
ἀποδοῦναι,to give back,1,,,,,,,,
ἐθέλεις,Are you willing,1,,,,,,,,
ἔμ᾽,for me,1,,,,,,,,
δευόμενον,in want,1,,,,,,,,
ἔχῃς,you may keep,1,,,,,,,,
ἧσθαι,to sit,1,,,,,,,,
τήνδ᾽,her,1,,,,,,,,
θυμὸν,mind,1,,,,,,,,
κατὰ,to,1,,,,,,,,
ὅπως,so that,1,,,,,,,,
δώσουσι,give,1,,,,,,,,
ἔσται,it will be,1,,,,,,,,
ἀντάξιον,worth just as much—,1,,,,,,,,
ἕλωμαι,take,1,,,,,,,,
ἰὼν,will come,1,,,,,,,,
Ὀδυσῆος,of Odysseus,1,,,,,,,,
Αἴαντος,of Aias,1,,,,,,,,
δέ,but,1,,,,,,,,
τεὸν,your,1,,,,,,,,
ὅν,to whomever,1,,,,,,,,
κεχολώσεται,Angry will be,1,,,,,,,,
ἵκωμαι,I come,1,,,,,,,,
αὖτις,hereafter,1,,,,,,,,
ἐς,on,1,,,,,,,,
νῆα,a ship,1,,,,,,,,
ἐρύσσομεν,drag,1,,,,,,,,
ἀγείρομεν,gather,1,,,,,,,,
ἐπιτηδὲς,suitable,1,,,,,,,,
βήσομεν,embark,1,,,,,,,,
ταῦτα,these things,1,,,,,,,,
δῖαν,shining,1,,,,,,,,
αὐτὴν,herself,1,,,,,,,,
μεταφρασόμεσθα,we will consider,1,,,,,,,,
ἐρέτας,rowers,1,,,,,,,,
μέλαιναν,black,1,,,,,,,,
ἐν,into,1,,,,,,,,
θείομεν,place,1,,,,,,,,
ἅλα,the sea,1,,,,,,,,
ἄγε,Let us,1,,,,,,,,
βουληφόρος,prudent,1,,,,,,,,
Πηλεΐδη,son of Peleus,1,,,,,,,,
ἔστω,Let be,1,,,,,,,,
ἥμιν,on our behalf,1,,,,,,,,
ἱερὰ,sacrifice,1,,,,,,,,
ἐκπαγλότατ᾽,most extreme,1,,,,,,,,
Ὀδυσσεὺς,Odysseus,1,,,,,,,,
ἀρχὸς,commander,1,,,,,,,,
Αἴας,Aias,1,,,,,,,,
ἠὲ,or,1,,,,,,,,
ἱλάσσεαι,you may propitiate,1,,,,,,,,
Ἰδομενεὺς,Idomeneus,1,,,,,,,,
ἀνὴρ,man,1,,,,,,,,
ἰδὼν,Glaring,1,,,,,,,,
ἔπεσιν,words,1,,,,,,,,
πείθηται,shall obey,1,,,,,,,,
ὁδὸν,on a journey,1,,,,,,,,
ὤ,Ah,1,,,,,,,,
κερδαλεόφρον,thinking of profit,1,,,,,,,,
πρόφρων,with a ready heart,1,,,,,,,,
ἶφι,with force,1,,,,,,,,
ἀναιδείην,shamelessness,1,,,,,,,,
μάχεσθαι,to fight,1,,,,,,,,
ἐλθέμεναι,to go,1,,,,,,,,
ἀνδράσιν,against men,1,,,,,,,,
αἰχμητάων,spearmen,1,,,,,,,,
Τρώων,the Trojan,1,,,,,,,,
μαχησόμενος,to fight,1,,,,,,,,
ἤλυθον,came,1,,,,,,,,
ἕνεκ᾽,on account of,1,,,,,,,,
καρπὸν,the harvest,1,,,,,,,,
σκιόεντα,shadowy,1,,,,,,,,
ἐριβώλακι,deep-soiled,1,,,,,,,,
βοῦς,cattle,1,,,,,,,,
ἵππους,horses,1,,,,,,,,
οὔρεά,mountains,1,,,,,,,,
ἐμὰς,my,1,,,,,,,,
ἠχήεσσα,sounding,1,,,,,,,,
βωτιανείρῃ,nurse of men,1,,,,,,,,
ἤλασαν,have they driven off,1,,,,,,,,
δὲ,or,1,,,,,,,,
θάλασσά,sea,1,,,,,,,,
Φθίῃ,Phthia,1,,,,,,,,
ὄφρα,so that,1,,,,,,,,
Τρώων,the Trojans,1,,,,,,,,
κυνῶπα,dog-face,1,,,,,,,,
Μενελάῳ,for Menelaus,1,,,,,,,,
ἑσπόμεθ᾽,we followed,1,,,,,,,,
τιμὴν,recompense,1,,,,,,,,
χαίρῃς,might rejoice,1,,,,,,,,
ἀρνύμενοι,seeking to win,1,,,,,,,,
σοί,for yourself,1,,,,,,,,
οὔ μετατρέπῃ,you disregard,1,,,,,,,,
ἀλεγίζεις,take heed of,1,,,,,,,,
πολλὰ,so much,1,,,,,,,,
ἀπειλεῖς,you threaten,1,,,,,,,,
δόσαν,gave,1,,,,,,,,
ἔπι,for,1,,,,,,,,
μόγησα,I toiled,1,,,,,,,,
δή,now,1,,,,,,,,
Τρώων,of the Trojans,1,,,,,,,,
σοί,yours,1,,,,,,,,
ὁππότ᾽,whenever,1,,,,,,,,
εὖ ναιόμενον,well-inhabited,1,,,,,,,,
ἶσον,like,1,,,,,,,,
οὐ ποτε,Never,1,,,,,,,,
ἐκπέρσωσ᾽,sack,1,,,,,,,,
πτολίεθρον,a citadel,1,,,,,,,,
πολυάϊκος,furious,1,,,,,,,,
πολέμοιο,of battle,1,,,,,,,,
χεῖρες,hands,1,,,,,,,,
ἐμαὶ,my,1,,,,,,,,
διέπουσ᾽,undertake,1,,,,,,,,
νῆας,ships,1,,,,,,,,
ὀλίγον,small,1,,,,,,,,
πολεμίζων,in the fighting,1,,,,,,,,
ἵκηται,comes,1,,,,,,,,
σοὶ,your,1,,,,,,,,
ἀτὰρ,but,1,,,,,,,,
ποτε,ever,1,,,,,,,,
δασμὸς,an apportionment,1,,,,,,,,
κάμω,I have worn myself out,1,,,,,,,,
μεῖζον,greater,1,,,,,,,,
ἐπεί,when,1,,,,,,,,
εἶμι,I will go back,1,,,,,,,,
ἄφενος,riches,1,,,,,,,,
νηυσὶ,ships,1,,,,,,,,
νῦν,Now,1,,,,,,,,
ἐὼν,while I am,1,,,,,,,,
ὀΐω,I intend,1,,,,,,,,
κορωνίσιν,beaked,1,,,,,,,,
ἀφύξειν,to pile up,1,,,,,,,,
Φθίην,to Phthia,1,,,,,,,,
ἄτιμος,dishonoured,1,,,,,,,,
σ᾽,for you,1,,,,,,,,
πλοῦτον,wealth,1,,,,,,,,
ἐνθάδ᾽,here,1,,,,,,,,
ἠμείβετ᾽,answered,1,,,,,,,,
ἄναξ,the king,1,,,,,,,,
ἔπειτα,Then,1,,,,,,,,
λίσσομαι,beg,1,,,,,,,,
μένειν,to remain,1,,,,,,,,
φεῦγε,Flee,1,,,,,,,,
θυμὸς,heart,1,,,,,,,,
ἐπέσσυται,urges,1,,,,,,,,
σ᾽,you,1,,,,,,,,
Ζεύς,Zeus,1,,,,,,,,
ἔμοιγε,me,1,,,,,,,,
μάλιστα,above all,1,,,,,,,,
τιμήσουσι,will honour,1,,,,,,,,
μητίετα,the lord of counsel,1,,,,,,,,
πάρ᾽,With,1,,,,,,,,
ἔχθιστος,Most hateful,1,,,,,,,,
διοτρεφέων,that Zeus nurtures,1,,,,,,,,
μοί,to me,1,,,,,,,,
βασιλήων,of the kings,1,,,,,,,,
ἐσσι,are you,1,,,,,,,,
μάχαι,battles,1,,,,,,,,
αἰεὶ,always,1,,,,,,,,
φίλη,dear,1,,,,,,,,
πόλεμοί,wars,1,,,,,,,,
ἔρις,strife,1,,,,,,,,
ἐσσι,you are,1,,,,,,,,
καρτερός,strong,1,,,,,,,,
μάλα,very,1,,,,,,,,
θεός,a god,1,,,,,,,,
νηυσί,ships,1,,,,,,,,
ἰὼν,Go,1,,,,,,,,
ὄθομαι,take heed,1,,,,,,,,
σῇς,your,1,,,,,,,,
Μυρμιδόνεσσιν,the Myrmidons,1,,,,,,,,
ἀλεγίζω,care,1,,,,,,,,
σέθεν,for you,1,,,,,,,,
ἀπειλήσω,I will threaten,1,,,,,,,,
ἄλλος,another,1,,,,,,,,
ὅσσον,how much,1,,,,,,,,
ἐμῇ,my,1,,,,,,,,
εἰδῇς,you will understand,1,,,,,,,,
φέρτερός,mightier,1,,,,,,,,
νηΐ,ship,1,,,,,,,,
ἰὼν,come to,1,,,,,,,,
σέθεν,than you,1,,,,,,,,
ἄγω,take,1,,,,,,,,
πέμψω,will send back,1,,,,,,,,
Βρισηΐδα,Briseis,1,,,,,,,,
ἄντην,to my face,1,,,,,,,,
ἐμοὶ,my,1,,,,,,,,
εἰμι,I am,1,,,,,,,,
ἶσον,equal,1,,,,,,,,
φάσθαι,declaring,1,,,,,,,,
κλισίην,tent,1,,,,,,,,
ἐμοῖς,my,1,,,,,,,,
φάτο,he spoke,1,,,,,,,,
γένετ᾽,came,1,,,,,,,,
μηροῦ,thigh,1,,,,,,,,
Πηλεΐωνι,upon the son of Peleus,1,,,,,,,,
χόλον,anger,1,,,,,,,,
στήθεσσιν,breast,1,,,,,,,,
ἐν,within,1,,,,,,,,
φάσγανον,sword,1,,,,,,,,
θυμόν,spirit,1,,,,,,,,
λασίοισι,shaggy,1,,,,,,,,
ἐναρίζοι,slay,1,,,,,,,,
ἀναστήσειεν,break up,1,,,,,,,,
παύσειεν,stay,1,,,,,,,,
ἦε,or,1,,,,,,,,
ὀξὺ,sharp,1,,,,,,,,
ἄχος,Grief,1,,,,,,,,
παρὰ,from beside,1,,,,,,,,
ἢ,whether,1,,,,,,,,
ἐρητύσειέ,curb,1,,,,,,,,
ἦτορ,heart,1,,,,,,,,
φρένα,mind,1,,,,,,,,
ἧος,While,1,,,,,,,,
ξίφος,sword,1,,,,,,,,
ἕλκετο,was drawing,1,,,,,,,,
ἦλθε,came,1,,,,,,,,
κολεοῖο,sheath,1,,,,,,,,
ταῦθ᾽,this,1,,,,,,,,
θυμόν,heart,1,,,,,,,,
ὥρμαινε,pondered,1,,,,,,,,
φιλέουσά,she loved,1,,,,,,,,
κηδομένη,cared for,1,,,,,,,,
στῆ,She stood,1,,,,,,,,
Πηλεΐωνα,the son of Peleus,1,,,,,,,,
κόμης,by hair,1,,,,,,,,
ὄπιθεν,behind,1,,,,,,,,
οἴῳ,to him alone,1,,,,,,,,
ξανθῆς,fair,1,,,,,,,,
φαινομένη,appearing,1,,,,,,,,
ἕλε,seized,1,,,,,,,,
ἄλλων,of others,1,,,,,,,,
οὔ,No,1,,,,,,,,
ὁρᾶτο,saw,1,,,,,,,,
Παλλάδ᾽,Pallas,1,,,,,,,,
Ἀθηναίην,Athene,1,,,,,,,,
αὐτίκα,immediately,1,,,,,,,,
Ἀχιλεύς,Achilles,1,,,,,,,,
θάμβησεν,was seized with wonder,1,,,,,,,,
ἔγνω,recognized,1,,,,,,,,
δεινὼ,Terribly,1,,,,,,,,
φάανθεν,shone,1,,,,,,,,
οἱ,her,1,,,,,,,,
πτερόεντα,winged,1,,,,,,,,
προσηύδα,he addressed,1,,,,,,,,
ἔπεα,words,1,,,,,,,,
τίπτ᾽,Why,1,,,,,,,,
αὖτ᾽,now,1,,,,,,,,
εἰλήλουθας,have you come,1,,,,,,,,
ἴδῃ,you might see,1,,,,,,,,
ὕβριν,the arrogance,1,,,,,,,,
Ἀτρεΐδαο,son of Atreus,1,,,,,,,,
Ἀγαμέμνονος,of Agamemnon,1,,,,,,,,
ἵνα,so that,1,,,,,,,,
ἦ,Is it,1,,,,,,,,
τελέεσθαι,will be brought to pass,1,,,,,,,,
θυμὸν,life,1,,,,,,,,
ᾗς,his own,1,,,,,,,,
ἄν ὀλέσσῃ,shall he lose,1,,,,,,,,
ὑπεροπλίῃσι,through excessive pride,1,,,,,,,,
αὖτε,then,1,,,,,,,,
προσέειπε,answered,1,,,,,,,,
γλαυκῶπις,bright-eyed,1,,,,,,,,
παύσουσα,to stay,1,,,,,,,,
ἦλθον,have come,1,,,,,,,,
μένος,anger,1,,,,,,,,
πίθηαι,you will obey,1,,,,,,,,
φιλέουσά,she loves,1,,,,,,,,
κηδομένη,cares for,1,,,,,,,,
ἔριδος,strife,1,,,,,,,,
μη,not,1,,,,,,,,
λῆγ᾽,cease from,1,,,,,,,,
ξίφος,the sword,1,,,,,,,,
ὀνείδισον,taunt,1,,,,,,,,
ἔσεταί,it shall be,1,,,,,,,,
ἤτοι,indeed,1,,,,,,,,
ἔπεσιν,With words,1,,,,,,,,
τετελεσμένον,brought to pass,1,,,,,,,,
ἐξερέω,will I speak,1,,,,,,,,
ἔσται,shall be,1,,,,,,,,
παρέσσεται,shall be,1,,,,,,,,
δῶρα,gifts,1,,,,,,,,
τόσσα,as many,1,,,,,,,,
τοι,yours,1,,,,,,,,
τῆσδε,this,1,,,,,,,,
τρὶς,three times,1,,,,,,,,
ἴσχεο,refrain,1,,,,,,,,
πείθεο,obey,1,,,,,,,,
ἔπος,the words,1,,,,,,,,
καὶ μάλα περ,however,1,,,,,,,,
σφωΐτερόν,of you two,1,,,,,,,,
χρὴ,It is necessary,1,,,,,,,,
εἰρύσσασθαι,to observe,1,,,,,,,,
θεοῖς,the gods,1,,,,,,,,
ἐπιπείθηται,obeys,1,,,,,,,,
ἔκλυον,they give ear,1,,,,,,,,
μάλα,gladly,1,,,,,,,,
ἀργυρέῃ,silver,1,,,,,,,,
βαρεῖαν,heavy,1,,,,,,,,
Ἀθηναίης,of Athene,1,,,,,,,,
ἐς,into,1,,,,,,,,
ἂψ,back,1,,,,,,,,
σχέθε,stayed,1,,,,,,,,
κώπῃ,the hilt,1,,,,,,,,
χεῖρα,hand,1,,,,,,,,
κουλεὸν,sheath,1,,,,,,,,
ὦσε,thrust,1,,,,,,,,
μύθῳ,the word,1,,,,,,,,
ἄλλους,other,1,,,,,,,,
δώματ᾽,the palace,1,,,,,,,,
προσέειπε,addressed,1,,,,,,,,
λῆγε,ceased from,1,,,,,,,,
ἐπέεσσιν,with words,1,,,,,,,,
χόλοιο,wrath,1,,,,,,,,
ἐξαῦτις,again,1,,,,,,,,
οὔ πω,in no way,1,,,,,,,,
ἀταρτηροῖς,violent,1,,,,,,,,
οὔτέ ποτ᾽,never,1,,,,,,,,
θωρηχθῆναι,to arm,1,,,,,,,,
ἰέναι,go forth to,1,,,,,,,,
ἐς,for,1,,,,,,,,
ὄμματ᾽,the face,1,,,,,,,,
ἐλάφοιο,of a deer,1,,,,,,,,
οἰνοβαρές,Heavy with wine,1,,,,,,,,
λαῷ,people,1,,,,,,,,
πόλεμον,battle,1,,,,,,,,
κραδίην,the heart,1,,,,,,,,
λόχον,an ambush,1,,,,,,,,
ἅμα,along with,1,,,,,,,,
κυνὸς,of a dog,1,,,,,,,,
ἀριστήεσσιν,the chiefs,1,,,,,,,,
κὴρ,death,1,,,,,,,,
ἐστι,it is,1,,,,,,,,
εὐρὺν,wide,1,,,,,,,,
ἦ,Indeed,1,,,,,,,,
εἴπῃ,speaks,1,,,,,,,,
ἀποαιρεῖσθαι,to deprive of,1,,,,,,,,
λώϊόν,better,1,,,,,,,,
κατὰ,throughout,1,,,,,,,,
δῶρ᾽,prize,1,,,,,,,,
στρατὸν,the camp,1,,,,,,,,
ὅς τις,whoever,1,,,,,,,,
βασιλεὺς,king,1,,,,,,,,
δημοβόρος,People-devouring,1,,,,,,,,
οὐτιδανοῖσιν,nobodies,1,,,,,,,,
ἀνάσσεις,you rule over,1,,,,,,,,
ἦ,else,1,,,,,,,,
ὕστατα,last,1,,,,,,,,
ὀμοῦμαι,will swear,1,,,,,,,,
ὅρκον,a oath,1,,,,,,,,
ἐπὶ,thereto,1,,,,,,,,
μέγαν,mighty,1,,,,,,,,
τόδε,this,1,,,,,,,,
ὄρεσσι,the mountains,1,,,,,,,,
πρῶτα,first,1,,,,,,,,
τομὴν,stump,1,,,,,,,,
φύλλα,leaves,1,,,,,,,,
ὄζους,shoots,1,,,,,,,,
λέλοιπεν,it left,1,,,,,,,,
καὶ,or,1,,,,,,,,
ἑ,it,1,,,,,,,,
χαλκὸς,the bronze,1,,,,,,,,
φλοιόν,bark,1,,,,,,,,
παλάμῃς,hands,1,,,,,,,,
οἵ,those,1,,,,,,,,
θέμιστας,the ordinances,1,,,,,,,,
μιν,it,1,,,,,,,,
ὅρκος,a oath,1,,,,,,,,
ὃ,this,1,,,,,,,,
τοι,for you,1,,,,,,,,
μέγας,mighty,1,,,,,,,,
ἔσσεται,shall be,1,,,,,,,,
ἦ,Surely,1,,,,,,,,
ἵξεται,will come upon,1,,,,,,,,
ποτ᾽,some day,1,,,,,,,,
σύμπαντας,one and all,1,,,,,,,,
υἷας,the sons,1,,,,,,,,
χραισμεῖν,to help,1,,,,,,,,
τότε,on that day,1,,,,,,,,
δυνήσεαι,you will be able,1,,,,,,,,
ἀχνύμενός,for all your grief,1,,,,,,,,
εὖτ᾽,when,1,,,,,,,,
Ἕκτορος,Hector,1,,,,,,,,
περ,at all,1,,,,,,,,
ἀνδροφόνοιο,man-slaying,1,,,,,,,,
ὑφ᾽,before,1,,,,,,,,
θνήσκοντες,dying,1,,,,,,,,
ἀμύξεις,will gnaw,1,,,,,,,,
χωόμενος,in anger,1,,,,,,,,
θυμὸν,the heart,1,,,,,,,,
ἄριστον,the best,1,,,,,,,,
οὐδὲν,no,1,,,,,,,,
φάτο,spoke,1,,,,,,,,
ποτὶ,down to,1,,,,,,,,
ἕζετο,sat down,1,,,,,,,,
βάλε,he dashed,1,,,,,,,,
γαίῃ,the earth,1,,,,,,,,
σκῆπτρον,the staff,1,,,,,,,,
χρυσείοις,golden,1,,,,,,,,
αὐτός,himself,1,,,,,,,,
ῥέεν,flowed,1,,,,,,,,
μέλιτος,than honey,1,,,,,,,,
γλώσσης,tongue,1,,,,,,,,
ἡδυεπὴς,sweet of speech,1,,,,,,,,
Πυλίων,of the Pylians,1,,,,,,,,
Νέστωρ,Nestor,1,,,,,,,,
τοῦ,whose,1,,,,,,,,
αὐδή,speech,1,,,,,,,,
δὲ,Then,1,,,,,,,,
ἀνόρουσε,arose,1,,,,,,,,
γλυκίων,sweeter,1,,,,,,,,
πρόσθεν,before,1,,,,,,,,
μερόπων,mortal,1,,,,,,,,
τριτάτοισιν,the third,1,,,,,,,,
ἅμα,with,1,,,,,,,,
γενεαὶ,generations,1,,,,,,,,
μετὰ,among,1,,,,,,,,
δύο,Two,1,,,,,,,,
ἄνασσεν,he was king,1,,,,,,,,
Πύλῳ,Pylos,1,,,,,,,,
ἐφθίαθ᾽,had passed away,1,,,,,,,,
ἠγαθέῃ,sacred,1,,,,,,,,
ἀγορήσατο,addressed the gathering,1,,,,,,,,
σφιν,them,1,,,,,,,,
ἱκάνει,has come upon,1,,,,,,,,
πένθος,grief,1,,,,,,,,
γαῖαν,the land,1,,,,,,,,
οἳ,you who,1,,,,,,,,
Δαναῶν,among the Danaans,1,,,,,,,,
παῖδες,the sons,1,,,,,,,,
κεν γηθήσαι,would rejoice,1,,,,,,,,
Πριάμοιό,of Priam,1,,,,,,,,
Πρίαμος,Priam,1,,,,,,,,
μαρναμένοιϊν,quarrelling,1,,,,,,,,
ἦ,Truly,1,,,,,,,,
θυμῷ,at heart,1,,,,,,,,
κεν κεχαροίατο,would be glad,1,,,,,,,,
μέγα,most,1,,,,,,,,
ἐμεῖο,than I,1,,,,,,,,
νεωτέρω,younger,1,,,,,,,,
δὲ,for,1,,,,,,,,
ὡμίλησα,moved among,1,,,,,,,,
ἤδη,In earlier times,1,,,,,,,,
ἀρείοσιν,more warlike,1,,,,,,,,
οἵ,they,1,,,,,,,,
οὔ ποτέ,never,1,,,,,,,,
ἀνέρας,warriors,1,,,,,,,,
Θησέα,Theseus,1,,,,,,,,
Αἰγεΐδην,son of Aegeus,1,,,,,,,,
ἐπιείκελον,like,1,,,,,,,,
Πολύφημον,Polyphemus,1,,,,,,,,
Ἐξάδιόν,Exadius,1,,,,,,,,
τοίους,Such,1,,,,,,,,
Καινέα,Caeneus,1,,,,,,,,
Πειρίθοόν,Peirithous,1,,,,,,,,
οἷον,as,1,,,,,,,,
οὐ,never,1,,,,,,,,
ποιμένα,shepherd,1,,,,,,,,
ἀντίθεον,godlike,1,,,,,,,,
ἀθανάτοισιν,the immortals,1,,,,,,,,
Δρύαντά,Dryas,1,,,,,,,,
πω,since,1,,,,,,,,
ἴδον,have I seen,1,,,,,,,,
ἴδωμαι,shall I see,1,,,,,,,,
ἐπιχθονίων,upon the earth,1,,,,,,,,
κεῖνοι,these,1,,,,,,,,
κάρτιστοι,Mightiest,1,,,,,,,,
τράφεν,reared,1,,,,,,,,
ἔσαν,were they,1,,,,,,,,
ἀπόλεσσαν,they destroyed,1,,,,,,,,
ὀρεσκῴοισι,mountain-dwelling,1,,,,,,,,
κάρτιστοι,mightiest,1,,,,,,,,
ἐκπάγλως,terribly,1,,,,,,,,
φηρσὶν,the centaurs,1,,,,,,,,
πρᾶγμα,affair,1,,,,,,,,
σῶν,your,1,,,,,,,,
ὡς,the way in which,1,,,,,,,,
ὄφελος,of use,1,,,,,,,,
ἀνανδρίᾳ,through cowardice,1,,,,,,,,
πράξεως,of affair,1,,,,,,,,
ὑπὲρ,for,1,,,,,,,,
ἡμῶν,us,1,,,,,,,,
δίκης,case,1,,,,,,,,
αὐτὸς,itself,1,,,,,,,,
ὡς,So,1,,,,,,,,
τινὶ,some,1,,,,,,,,
δικαστήριον,court,1,,,,,,,,
ἅπαν,whole,1,,,,,,,,
εἰσῆλθεν,came,1,,,,,,,,
ἀνανδρίᾳ,with cowardice,1,,,,,,,,
ἦν,had been,1,,,,,,,,
πεπρᾶχθαι,has been conducted,1,,,,,,,,
σαυτόν,yourself,1,,,,,,,,
ἡμῶν,we,1,,,,,,,,
ἐγένετο,was carried on,1,,,,,,,,
τὸ τελευταῖον,finally,1,,,,,,,,
τὸ,this,1,,,,,,,,
ἡμετέρᾳ,on our part,1,,,,,,,,
διαπεφευγέναι,has escaped,1,,,,,,,,
εἰς,before,1,,,,,,,,
αἰσχρὰ,disgraceful,1,,,,,,,,
ἅμα,as well as,1,,,,,,,,
τῷ κακῷ,evil,1,,,,,,,,
ᾖ,be,1,,,,,,,,
νυκτὸς,in night,1,,,,,,,,
βουλή,plan,1,,,,,,,,
οὐκέτι,no longer,1,,,,,,,,
ἐπιούσης,coming,1,,,,,,,,
βεβουλεῦσθαι,to have finished considering,1,,,,,,,,
βουλεύου,consider,1,,,,,,,,
ἀλλὰ,Just,1,,,,,,,,
περιμενοῦμεν,we delay,1,,,,,,,,
βουλεύεσθαι,to consider,1,,,,,,,,
οὐ ἐστίν,isn t it,1,,,,,,,,
τηνικάδε,at this time,1,,,,,,,,
τί,Why,1,,,,,,,,
μάλιστα,About,1,,,,,,,,
πηνίκα,what time,1,,,,,,,,
δεσμωτηρίου,of prison,1,,,,,,,,
θαυμάζω,I am surprised,1,,,,,,,,
ἠθέλησέ,was willing,1,,,,,,,,
φύλαξ,watchman,1,,,,,,,,
ὑπακοῦσαι,to let in,1,,,,,,,,
ἤδη,by this time,1,,,,,,,,
διὰ,because,1,,,,,,,,
ἐστιν,He is,1,,,,,,,,
τι,something,1,,,,,,,,
ἥκεις,Have you come,1,,,,,,,,
ἄρτι,just,1,,,,,,,,
πάλαι,some time ago,1,,,,,,,,
πάλαι,Some time ago,1,,,,,,,,
σιγῇ,in silence,1,,,,,,,,
εὐθὺς,at once,1,,,,,,,,
εἶτα,Then,1,,,,,,,,
πῶς,why,1,,,,,,,,
εἶναι,were,1,,,,,,,,
καθεύδεις,you sleep,1,,,,,,,,
αἰσθανόμενος,seeing,1,,,,,,,,
ἡδέως,sweetly,1,,,,,,,,
ἐπίτηδές,purposely,1,,,,,,,,
αὐτὸς,I myself,1,,,,,,,,
ἤθελον,I wish,1,,,,,,,,
διάγῃς,you might pass the time,1,,,,,,,,
πάλαι,for some time,1,,,,,,,,
φέρεις,you bear,1,,,,,,,,
τῇ,this,1,,,,,,,,
αὐτὴν,it,1,,,,,,,,
τῷ,your,1,,,,,,,,
ὡς,since,1,,,,,,,,
βίῳ,life,1,,,,,,,,
συμφορᾷ,misfortune,1,,,,,,,,
ηὐδαιμόνισα,were happy,1,,,,,,,,
ῥᾳδίως,easily,1,,,,,,,,
πρᾴως,calmly,1,,,,,,,,
τηλικοῦτον,at my age,1,,,,,,,,
ἄν εἴη,it would be,1,,,,,,,,
τελευτᾶν,die,1,,,,,,,,
πλημμελὲς,absurd,1,,,,,,,,
δεῖ,I must,1,,,,,,,,
καὶ γὰρ,Well,1,,,,,,,,
ἤδη,now,1,,,,,,,,
τηλικοῦτοι,as old,1,,,,,,,,
ἁλίσκονται,become involved,1,,,,,,,,
τῇ,their,1,,,,,,,,
ἄλλοι,Other men,1,,,,,,,,
τύχῃ,by fate,1,,,,,,,,
τοιαύταις,similar,1,,,,,,,,
ἡ,their,1,,,,,,,,
ἡλικία,age,1,,,,,,,,
συμφοραῖς,misfortunes,1,,,,,,,,
οὕτω,so,1,,,,,,,,
φέρων,To bring,1,,,,,,,,
πᾶσιν,all,1,,,,,,,,
βαρύτατ᾽,grievous,1,,,,,,,,
χαλεπὴν,sad,1,,,,,,,,
χαλεπήν,sad,1,,,,,,,,
ἀγγελίαν,news,1,,,,,,,,
βαρεῖαν,grievous,1,,,,,,,,
ἐμοὶ,I,1,,,,,,,,
δοκῶ,think,1,,,,,,,,
τεθνάναι,to die,1,,,,,,,,
ἀφῖκται,Has come,1,,,,,,,,
τίνα,What,1,,,,,,,,
ταύτην,this,1,,,,,,,,
Δήλου,Delos,1,,,,,,,,
οὗ,of which,1,,,,,,,,
ἀφικομένου,at the arrival,1,,,,,,,,
δὴ,exactly,1,,,,,,,,
ἀφῖκται,It has come,1,,,,,,,,
Σουνίου,Sunium,1,,,,,,,,
τινες,some men,1,,,,,,,,
ἀπαγγέλλουσιν,the reports,1,,,,,,,,
ἥκοντές,who have come,1,,,,,,,,
αὐτό,it,1,,,,,,,,
οὔτοι,not,1,,,,,,,,
καταλιπόντες,left,1,,,,,,,,
δὴ,so,1,,,,,,,,
τελευτᾶν,end,1,,,,,,,,
βίον,life,1,,,,,,,,
δῆλον,it is clear,1,,,,,,,,
θεοῖς,gods,1,,,,,,,,
τύχῃ,luck,1,,,,,,,,
ἥξειν,will come,1,,,,,,,,
ἀλλ᾽,Well,1,,,,,,,,
ἀγαθῇ,good,1,,,,,,,,
ταύτῃ,this,1,,,,,,,,
μέντοι,However,1,,,,,,,,
τοῦτο,so,1,,,,,,,,
ἐρῶ,will tell,1,,,,,,,,
ὑστεραίᾳ,on day after,1,,,,,,,,
με,I,1,,,,,,,,
ἔλθῃ,comes in,1,,,,,,,,
ἐγώ,I,1,,,,,,,,
ἀποθνῄσκειν,die,1,,,,,,,,
οἶμαι,I think,1,,,,,,,,
ἥξειν,will come in,1,,,,,,,,
τῆς ἐπιούσης ἡμέρας,today,1,,,,,,,,
ταύτης,this,1,,,,,,,,
ἐνυπνίου,dream,1,,,,,,,,
τινος,a,1,,,,,,,,
πρότερον,a while ago,1,,,,,,,,
ἐν καιρῷ τινι,just at the right time,1,,,,,,,,
ὀλίγον,little,1,,,,,,,,
νυκτός,in the course of night,1,,,,,,,,
ἐρίβωλον,fertile,1,,,,,,,,
τίς,a,1,,,,,,,,
ἔχουσα,clothed in,1,,,,,,,,
ἱμάτια,raiment,1,,,,,,,,
τριτάτῳ,third,1,,,,,,,,
Φθίην,Phthia,1,,,,,,,,
εὐειδής,fair,1,,,,,,,,
ἤματί,on the day,1,,,,,,,,
εἰπεῖν,said,1,,,,,,,,
λευκὰ,white,1,,,,,,,,
καλέσαι,called,1,,,,,,,,
καλὴ,beautiful,1,,,,,,,,
γυνὴ,woman,1,,,,,,,,
ἄτοπον,strange,1,,,,,,,,
ἐναργὲς,clear,1,,,,,,,,
μοι δοκεῖ,I think,1,,,,,,,,
λίαν,Too,1,,,,,,,,
ὡς ἔοικεν,apparently,1,,,,,,,,
δαιμόνιε,dear,1,,,,,,,,
ἐστερῆσθαι,lose,1,,,,,,,,
συμφορά,misfortune,1,,,,,,,,
ἐμὲ,me,1,,,,,,,,
πολλοῖς,many persons,1,,,,,,,,
σαφῶς,well,1,,,,,,,,
ἀμελῆσαι,I would not take the trouble,1,,,,,,,,
δόξω,will think,1,,,,,,,,
ἐστιν,it will be,1,,,,,,,,
σῴζειν,saved,1,,,,,,,,
μή ποτε,never again,1,,,,,,,,
ἐμοί,to me,1,,,,,,,,
πιθοῦ,listen to,1,,,,,,,,
ἤθελον,I had been willing,1,,,,,,,,
ὡς,Since,1,,,,,,,,
σώθητι,save yourself,1,,,,,,,,
ἀποθάνῃς,die,1,,,,,,,,
μία,single,1,,,,,,,,
καίτοι,And yet,1,,,,,,,,
αἰσχίων,more disgraceful,1,,,,,,,,
δοκεῖν,considering,1,,,,,,,,
ἂν εἴη,could be,1,,,,,,,,
ἀπιέναι,to go away,1,,,,,,,,
τίς,what,1,,,,,,,,
πείσονται,will believe,1,,,,,,,,
οἱ πολλοὶ,most people,1,,,,,,,,
οὕτω,so much,1,,,,,,,,
πεπρᾶχθαι,were done,1,,,,,,,,
ὥσπερ ἂν,as,1,,,,,,,,
ἄξιον,worth,1,,,,,,,,
πραχθῇ,they will be done,1,,,,,,,,
ὧν,whose,1,,,,,,,,
τῶν πολλῶν,most people,1,,,,,,,,
αὐτὰ,things,1,,,,,,,,
ἡγήσονται,will think,1,,,,,,,,
ἀνάγκη,it is necessary,1,,,,,,,,
μέλειν,to care for,1,,,,,,,,
σχεδόν,almost,1,,,,,,,,
ὁρᾷς,you see,1,,,,,,,,
τῶν πολλῶν,of the public,1,,,,,,,,
ἐν,with,1,,,,,,,,
κακῶν,of evils,1,,,,,,,,
αὐτοῖς,it,1,,,,,,,,
νυνὶ,now,1,,,,,,,,
αὐτὰ,this very,1,,,,,,,,
οἱ πολλοὶ,the public,1,,,,,,,,
διαβεβλημένος ᾖ,has a bad reputation,1,,,,,,,,
ἐάν,if,1,,,,,,,,
ἐξεργάζεσθαι,to accomplish,1,,,,,,,,
σμικρότατα,least,1,,,,,,,,
ἄφρονα,foolish,1,,,,,,,,
φρόνιμον,wise,1,,,,,,,,
καλῶς,well,1,,,,,,,,
καὶ,Then,1,,,,,,,,
ἀγαθὰ,good things,1,,,,,,,,
ποιοῦσι,they do,1,,,,,,,,
οἷοί,they can,1,,,,,,,,
κακὰ,evils,1,,,,,,,,
ἐργάζεσθαι,accomplish,1,,,,,,,,
ποιῆσαι,to make,1,,,,,,,,
ἂν εἶχεν,would be,1,,,,,,,,
ἐκκλέψασιν,we stole away,1,,,,,,,,
ἢ ἢ ἢ,either or or,1,,,,,,,,
προμηθῇ,you are considering,1,,,,,,,,
ἐχέτω,may be,1,,,,,,,,
ἐξέλθῃς,escape,1,,,,,,,,
τούτου,than this,1,,,,,,,,
δέῃ,necessary,1,,,,,,,,
φοβῇ,you are afraid of,1,,,,,,,,
πᾶσαν,all,1,,,,,,,,
ἀναγκασθῶμεν,we shall be forced,1,,,,,,,,
τι,anything,1,,,,,,,,
τοιοῦτον,of that kind,1,,,,,,,,
μείζω,greater,1,,,,,,,,
δίκαιοί,right,1,,,,,,,,
παρέχωσιν,will make,1,,,,,,,,
ἄλλο,other,1,,,,,,,,
τῶν,your,1,,,,,,,,
εἰπέ,tell,1,,,,,,,,
οὐσίαν,property,1,,,,,,,,
τὴν,our,1,,,,,,,,
συκοφάνται,informers,1,,,,,,,,
ἀποβαλεῖν,to lose,1,,,,,,,,
πράγματα,trouble,1,,,,,,,,
ἐμοῦ,me,1,,,,,,,,
παθεῖν,be punished,1,,,,,,,,
προμηθοῦμαι,I am considering,1,,,,,,,,
ἄλλα,other,1,,,,,,,,
πολλά,many things,1,,,,,,,,
σῶσαί,to save,1,,,,,,,,
θέλουσι,who are willing,1,,,,,,,,
τινὲς,some men,1,,,,,,,,
τἀργύριόν,money,1,,,,,,,,
τούτους,these,1,,,,,,,,
συκοφάντας,informers,1,,,,,,,,
εὐτελεῖς,cheap,1,,,,,,,,
ἂν δέοι,would be needed,1,,,,,,,,
ἀργυρίου,money,1,,,,,,,,
πολλοῦ,much,1,,,,,,,,
ξένοι,foreigners,1,,,,,,,,
ἱκανά,enough,1,,,,,,,,
ἐπ᾽,for,1,,,,,,,,
Σιμμίας,Simmias,1,,,,,,,,
ἐνθάδε,here,1,,,,,,,,
κεκόμικεν,has brought,1,,,,,,,,
Θηβαῖος,of Thebes,1,,,,,,,,
ἔπειτα,moreover,1,,,,,,,,
ἀργύριον,funds,1,,,,,,,,
οἶμαι,fancy,1,,,,,,,,
πάνυ,very,1,,,,,,,,
Κέβης,Cebes,1,,,,,,,,
ἕτοιμος,ready,1,,,,,,,,
ἱκανόν,sufficient,1,,,,,,,,
ἀναλίσκειν,spend,1,,,,,,,,
δεῖν,you ought to,1,,,,,,,,
ἕτοιμοι,willing,1,,,,,,,,
ἔλεγες,you said,1,,,,,,,,
σῶσαι,saving,1,,,,,,,,
δικαστηρίῳ,court,1,,,,,,,,
γενέσθω,be,1,,,,,,,,
ἂν ἔχοις,you would know,1,,,,,,,,
ὥστε,So,1,,,,,,,,
σαυτῷ,with yourself,1,,,,,,,,
λέγω,I say,1,,,,,,,,
δυσχερές,troubled,1,,,,,,,,
ὅπερ,as,1,,,,,,,,
ὃ,what,1,,,,,,,,
Θετταλίαν,Thessaly,1,,,,,,,,
ἀγαπήσουσί,they will welcome,1,,,,,,,,
ἰέναι,to go,1,,,,,,,,
ἀσφάλειάν παρέξονται,will protect,1,,,,,,,,
ἀφίκῃ,you go,1,,,,,,,,
ξένοι,friends,1,,,,,,,,
ὅποι ἂν,wherever,1,,,,,,,,
εἰσὶν ἐμοὶ,I have,1,,,,,,,,
βούλῃ,you wish,1,,,,,,,,
σπεύσαιέν,would wish,1,,,,,,,,
διαφθεῖραι,to destroy,1,,,,,,,,
περὶ,upon,1,,,,,,,,
προδοῦναι,betraying,1,,,,,,,,
βουλόμενοι,who wished,1,,,,,,,,
πρᾶγμα,the thing,1,,,,,,,,
δοκεῖς,it seems,1,,,,,,,,
δίκαιόν,right,1,,,,,,,,
ἔσπευσαν,were eager for,1,,,,,,,,
ἐπιχειρεῖν,undertaking,1,,,,,,,,
καταλιπών,go away,1,,,,,,,,
οἰχήσῃ,you are going to desert,1,,,,,,,,
πρὸς τούτοις,moreover,1,,,,,,,,
ταῖς,their,1,,,,,,,,
οἷάπερ,as,1,,,,,,,,
οὕς,them,1,,,,,,,,
σαυτοῦ,your,1,,,,,,,,
ὅτι ἂν,whatever,1,,,,,,,,
ὀρφανίαις,destitution,1,,,,,,,,
ἐκπαιδεῦσαι,educate,1,,,,,,,,
ἐκθρέψαι,bring up,1,,,,,,,,
ὀρφανούς,orphans,1,,,,,,,,
περὶ,to,1,,,,,,,,
ὑεῖς,children,1,,,,,,,,
τεύξονται,they will meet with,1,,,,,,,,
αἱρεῖσθαι,choose,1,,,,,,,,
αἱρεῖσθαι,to be choosing,1,,,,,,,,
ἀνδρεῖος,brave,1,,,,,,,,
τρέφοντα,bring up,1,,,,,,,,
συνδιαταλαιπωρεῖν,to stay by,1,,,,,,,,
τοῦ,your,1,,,,,,,,
φάσκοντά,who have been saying,1,,,,,,,,
ἢ ἢ,Either or,1,,,,,,,,
ποιεῖσθαι,beget,1,,,,,,,,
ἀρετῆς,virtue,1,,,,,,,,
παιδεύοντα,educate,1,,,,,,,,
βίου,life,1,,,,,,,,
παντὸς,all,1,,,,,,,,
δοκεῖς,seem,1,,,,,,,,
ἐπιμελεῖσθαι,cared for,1,,,,,,,,
χρὴ,you ought to,1,,,,,,,,
ἀγαθὸς,good,1,,,,,,,,
προθυμία,eagerness,1,,,,,,,,
πολλοῦ,a great deal,1,,,,,,,,
εἴη,it should prove to be,1,,,,,,,,
μείζων,greater,1,,,,,,,,
εἰ δὲ μή,but otherwise,1,,,,,,,,
σου,your,1,,,,,,,,
ὡς,for,1,,,,,,,,
ὃς,which,1,,,,,,,,
εἴτε,whether,1,,,,,,,,
λόγῳ,reasoning,1,,,,,,,,
εἴτε,or,1,,,,,,,,
μηδενὶ ἄλλῳ ἢ,nothing but,1,,,,,,,,
βέλτιστος,best,1,,,,,,,,
οὖν,So,1,,,,,,,,
λογιζομένῳ,on consideration,1,,,,,,,,
φαίνηται,seems,1,,,,,,,,
τοιοῦτος,a man,1,,,,,,,,
ὅμοιοι,the same,1,,,,,,,,
τιμῶ,honor,1,,,,,,,,
δὴ,And,1,,,,,,,,
αὐτοὺς,same ones,1,,,,,,,,
λόγους,arguments,1,,,,,,,,
πρεσβεύω,I revere,1,,,,,,,,
πρότερον,before,1,,,,,,,,
οὕσπερ,as,1,,,,,,,,
σχεδόν,much,1,,,,,,,,
φαίνονταί,they seem,1,,,,,,,,
ἡ,the,1,,,,,,,,
ἀφαιρέσεις,confiscations,1,,,,,,,,
σοι,to you,1,,,,,,,,
δεσμοὺς,imprisonments,1,,,,,,,,
χρημάτων,of property,1,,,,,,,,
θανάτους,deaths,1,,,,,,,,
βελτίω,better,1,,,,,,,,
ἐὰν μὴ,unless,1,,,,,,,,
εὖ ἴσθι,be assured,1,,,,,,,,
συγχωρήσω,I shall give way,1,,,,,,,,
ἐπιπέμπουσα,threatening with,1,,,,,,,,
δύναμις,power,1,,,,,,,,
μορμολύττηται,frighten,1,,,,,,,,
ἑκάστοτε,always,1,,,,,,,,
μετριώτατα,most reasonably,1,,,,,,,,
ἀναλάβοιμεν,taking up,1,,,,,,,,
πότερον,whether,1,,,,,,,,
ὃν,what,1,,,,,,,,
ταῖς δὲ,and to others,1,,,,,,,,
δοξῶν,opinions,1,,,,,,,,
δεῖ,we ought,1,,,,,,,,
ἂν σκοποίμεθα,could we examine,1,,,,,,,,
αὐτά,the matter,1,,,,,,,,
λέγεις,say,1,,,,,,,,
ἐλέγετο,we used to say,1,,,,,,,,
ἀλλοιότερος,different,1,,,,,,,,
κοινῇ,in common,1,,,,,,,,
ἀληθῶς,really,1,,,,,,,,
ἦν,it was,1,,,,,,,,
ἐγένετο,it has been made,1,,,,,,,,
ἐάσομεν,we shall,1,,,,,,,,
αὐτῷ,by it,1,,,,,,,,
παιδιὰ,mere play,1,,,,,,,,
ἐλέγετο,we were talking,1,,,,,,,,
ἔγωγ᾽,I,1,,,,,,,,
φλυαρία,nonsense,1,,,,,,,,
μετὰ,with,1,,,,,,,,
φανεῖται,seems,1,,,,,,,,
πρὶν,before,1,,,,,,,,
ἐπισκέψασθαι,to investigate,1,,,,,,,,
πεισόμεθα,be guided,1,,,,,,,,
ἕνεκα,for the sake of,1,,,,,,,,
κατάδηλος,clear,1,,,,,,,,
ἐπιθυμῶ,wish,1,,,,,,,,
τὰς δὲ,and others,1,,,,,,,,
ἔλεγον,was saying,1,,,,,,,,
ἐλέγετο,it used to be said,1,,,,,,,,
τὰς μὲν,some,1,,,,,,,,
ἐγᾦμαι,I think,1,,,,,,,,
δοξῶν,of opinions,1,,,,,,,,
ἄνθρωποι,men,1,,,,,,,,
περὶ πολλοῦ,highly,1,,,,,,,,
καλῶς,correct,1,,,,,,,,
τὰς μέν,some,1,,,,,,,,
συμφορά,conditions,1,,,,,,,,
εἶ,are,1,,,,,,,,
οὐχ,not,1,,,,,,,,
δόξας,opinions,1,,,,,,,,
ἀποθνῄσκειν,dying,1,,,,,,,,
τῶν μέν,of some,1,,,,,,,,
ἂν παρακρούοι,would lead astray,1,,,,,,,,
τὰς δ᾽,and others,1,,,,,,,,
δή,Now,1,,,,,,,,
ἐκτὸς,not involved,1,,,,,,,,
αὔριον,tomorrow,1,,,,,,,,
τοῦ μέλλειν,the necessity of,1,,,,,,,,
παροῦσα,present,1,,,,,,,,
ἱκανῶς,correct,1,,,,,,,,
τιμᾶν,to esteem,1,,,,,,,,
πονηρὰς,bad,1,,,,,,,,
χρηστὰς,good,1,,,,,,,,
φρονίμων,of wise,1,,,,,,,,
αἱ,those,1,,,,,,,,
ἀφρόνων,of foolish,1,,,,,,,,
πῶς δ᾽ οὔ,Of course,1,,,,,,,,
πῶς,what,1,,,,,,,,
ἀνδρὸς,man s,1,,,,,,,,
παντὸς,every,1,,,,,,,,
φέρε,Come,1,,,,,,,,
ἐλέγετο,used we to say,1,,,,,,,,
παιδοτρίβης,a trainer,1,,,,,,,,
ἰατρὸς,a physician,1,,,,,,,,
ἐπαίνῳ,praise,1,,,,,,,,
ὤν,is,1,,,,,,,,
δή,then,1,,,,,,,,
ψόγῳ,blame,1,,,,,,,,
ἀσπάζεσθαι,welcome,1,,,,,,,,
ψόγους,blame,1,,,,,,,,
ἐδεστέον,eat,1,,,,,,,,
σύμπασι,all,1,,,,,,,,
γυμναστέον,exercise,1,,,,,,,,
ᾗ,as,1,,,,,,,,
αὐτῷ,he,1,,,,,,,,
μᾶλλον,rather,1,,,,,,,,
ποτέον,drink,1,,,,,,,,
δοκῇ,thinks,1,,,,,,,,
ἄλλοις,others,1,,,,,,,,
δόξαν,opinion,1,,,,,,,,
τιμήσας,regards,1,,,,,,,,
μηδὲν,no,1,,,,,,,,
τοὺς,his,1,,,,,,,,
κακὸν,harm,1,,,,,,,,
εἶεν,Well then,1,,,,,,,,
ἀτιμάσας,disregards,1,,,,,,,,
λόγους,words,1,,,,,,,,
τί,what part,1,,,,,,,,
ποῖ,In what direction,1,,,,,,,,
τὸ,his,1,,,,,,,,
δῆλον,Evidently,1,,,,,,,,
διόλλυσι,it ruins,1,,,,,,,,
σῶμα,body,1,,,,,,,,
τἆλλα,in other matters,1,,,,,,,,
τίς,anyone,1,,,,,,,,
σύμπαντας,all,1,,,,,,,,
ἀγαθῶν,good,1,,,,,,,,
λωβησόμεθα,cripple,1,,,,,,,,
αἰσχρῶν,disgraceful,1,,,,,,,,
διΐωμεν,enumerate,1,,,,,,,,
κακῶν,bad,1,,,,,,,,
φοβεῖσθαι,fear,1,,,,,,,,
ἐστι,is there,1,,,,,,,,
ὧν,which,1,,,,,,,,
ἐστιν,there is,1,,,,,,,,
ἄλλους,others,1,,,,,,,,
ἐκεῖνο,that,1,,,,,,,,
ἑνός,of one,1,,,,,,,,
καλῶν,noble,1,,,,,,,,
δικαίῳ,by right,1,,,,,,,,
τῇ,that,1,,,,,,,,
διαφθεροῦμεν,we shall injure,1,,,,,,,,
οὐδέν,nothing,1,,,,,,,,
ἀδίκῳ,by wrong,1,,,,,,,,
ἀπώλλυτο,is ruined,1,,,,,,,,
οἶμαι,think,1,,,,,,,,
σῶμα,the body,1,,,,,,,,
αὐτοῦ,that,1,,,,,,,,
διολέσωμεν,we ruin,1,,,,,,,,
πειθόμενοι,through yielding to,1,,,,,,,,
διαφθειρόμενον,injured,1,,,,,,,,
διεφθαρμένου,when is ruined,1,,,,,,,,
οὐχί,not,1,,,,,,,,
διεφθαρμένου,ruined,1,,,,,,,,
μοχθηροῦ,worthless,1,,,,,,,,
οὖν,Then,1,,,,,,,,
σώματος,the body,1,,,,,,,,
οὐδαμῶς,Certainly not,1,,,,,,,,
φαυλότερον,less important,1,,,,,,,,
ἄδικον,wrong,1,,,,,,,,
ποτ᾽,whatever,1,,,,,,,,
ἡμετέρων,of us,1,,,,,,,,
ἐκείνου,that,1,,,,,,,,
εἶναι,is,1,,,,,,,,
ἐστὶ,it is,1,,,,,,,,
ἐπαΐων,who knows,1,,,,,,,,
πάνυ,at all,1,,,,,,,,
ὁ,he,1,,,,,,,,
αὐτὴ,herself,1,,,,,,,,
εἷς,one man,1,,,,,,,,
βέλτιστε,most excellent,1,,,,,,,,
ἀλήθεια,truth,1,,,,,,,,
ἄρα,Then,1,,,,,,,,
φροντίζειν,consider,1,,,,,,,,
πρῶτον,in the first place,1,,,,,,,,
ὥστε,so,1,,,,,,,,
οὐκ ὀρθῶς,wrongly,1,,,,,,,,
δεῖν,ought to,1,,,,,,,,
ἀγαθῶν,the good,1,,,,,,,,
καλῶν,the noble,1,,,,,,,,
ἐναντίων,opposites,1,,,,,,,,
ταχὺ,quickly,1,,,,,,,,
δημοκρατίαι,republics,1,,,,,,,,
αὐτῶν,of those individuals,1,,,,,,,,
ὁποσονοῦν,no matter for how short,1,,,,,,,,
ποθ᾽,once,1,,,,,,,,
πάμπαν,once for all,1,,,,,,,,
διαγένωνται,have continued,1,,,,,,,,
αὖ,again,1,,,,,,,,
εὐτυχεῖς,happy,1,,,,,,,,
ἀνῄρηνται,have been abolished,1,,,,,,,,
γεγενημένοι,having proved to be,1,,,,,,,,
κατελύθησαν,have been deposed,1,,,,,,,,
ἐγένετο,occurred,1,,,,,,,,
ἤδη,in times past,1,,,,,,,,
ὀλιγαρχίαι,oligarchies,1,,,,,,,,
μοναρχίαι,monarchies,1,,,,,,,,
σοφοί,wise,1,,,,,,,,
ἔννοιά,The thought,1,,,,,,,,
τῶν βουλομένων,people who preferred,1,,,,,,,,
ἄρχοντες,in power,1,,,,,,,,
ὅσοι,how many,1,,,,,,,,
μᾶλλον ἢ,other than,1,,,,,,,,
θαυμάζονται,they are objects of wonder,1,,,,,,,,
δήμων,the people,1,,,,,,,,
ὅσαι,how many,1,,,,,,,,
κατελύθησαν,have been overthrown,1,,,,,,,,
ὀλίγοις,few,1,,,,,,,,
πάνυ,quite,1,,,,,,,,
πλείονας,more,1,,,,,,,,
δεσπότας,masters,1,,,,,,,,
ἰδίοις,private,1,,,,,,,,
δ᾽,Then,1,,,,,,,,
χρῆσθαι,to assert,1,,,,,,,,
ἐδοκοῦμεν,we thought,1,,,,,,,,
τοὺς μὲν,some people,1,,,,,,,,
ὅμως,nevertheless,1,,,,,,,,
οἴκοις,homes,1,,,,,,,,
τούτοις,those,1,,,,,,,,
εἰκότως,properly,1,,,,,,,,
νομεῦσιν,keepers,1,,,,,,,,
εἰσι,are,1,,,,,,,,
νομεῖς,herdsmen,1,,,,,,,,
βουκόλοι,cowherds,1,,,,,,,,
τοίνυν,Now,1,,,,,,,,
ταύτας,these,1,,,,,,,,
ἐνενοοῦμεν,we reflected,1,,,,,,,,
βοῶν,of cattle,1,,,,,,,,
ἄρχουσι,rulers,1,,,,,,,,
ἀνθρώπους,men,1,,,,,,,,
ἵππων,of horses,1,,,,,,,,
ζῴων,of the animals,1,,,,,,,,
ἀγέλας,herds,1,,,,,,,,
ἄρχοντες,the rulers,1,,,,,,,,
ἐῶσι,They allow,1,,,,,,,,
χωρία,places,1,,,,,,,,
εὐθύνωσιν,directs,1,,,,,,,,
τοίνυν,moreover,1,,,,,,,,
καρποῖς,profits,1,,,,,,,,
νομεῖς,keeper,1,,,,,,,,
αὐτὰς,them,1,,,,,,,,
ἐπάγωσιν,he leads,1,,,,,,,,
ᾗ,wherever,1,,,,,,,,
τοῖς γιγνομένοις,that accrue,1,,,,,,,,
αἱ,the,1,,,,,,,,
πορεύονταί,go,1,,,,,,,,
ὁποῖα,those,1,,,,,,,,
χρῆσθαι,to enjoy,1,,,,,,,,
ἀπέχονταί,keep out,1,,,,,,,,
νομέας,keeper,1,,,,,,,,
μᾶλλον,sooner,1,,,,,,,,
χαλεπώτεραί,more intractable,1,,,,,,,,
νομέα,keeper,1,,,,,,,,
ἄρχειν,to rule,1,,,,,,,,
συστᾶσαν,conspiring,1,,,,,,,,
ἀγέλην,a herd,1,,,,,,,,
οὐδένας,none,1,,,,,,,,
οὓς,whom,1,,,,,,,,
συνίστανται,conspire,1,,,,,,,,
ἀλλὰ,At the same time,1,,,,,,,,
ἐπιχειροῦντας,attempting,1,,,,,,,,
ἄρχουσί,to rulers,1,,,,,,,,
ἄνθρωποι,Men,1,,,,,,,,
πώποτε,never,1,,,,,,,,
αἴσθωνται,they see,1,,,,,,,,
αὑτῶν,over them,1,,,,,,,,
καρπῷ,profits,1,,,,,,,,
ἀπ᾽,from,1,,,,,,,,
ἐπὶ,against,1,,,,,,,,
τούτους,those,1,,,,,,,,
τὸν,its,1,,,,,,,,
ἐπ᾽,against,1,,,,,,,,
ὠφελουμένοις,those who derive profit,1,,,,,,,,
εἰσιν,are,1,,,,,,,,
οὔτε οὔτε,either or,1,,,,,,,,
εἴη,it is,1,,,,,,,,
ἐνεθυμούμεθα,we meditated on,1,,,,,,,,
ὅτε,as,1,,,,,,,,
δὴ,Thus,1,,,,,,,,
ἄρχειν,to rule over,1,,,,,,,,
ζῴων,creatures,1,,,,,,,,
ἐγιγνώσκομεν,we were inclined to conclude,1,,,,,,,,
ἀνθρώπῳ,for man,1,,,,,,,,
ῥᾷον,easier,1,,,,,,,,
ἔργων,a task,1,,,,,,,,
ἠναγκαζόμεθα,we were compelled,1,,,,,,,,
ἐπειδὴ,when,1,,,,,,,,
ἐπισταμένως,in an intelligent manner,1,,,,,,,,
τὸ ἄρχειν,to rule,1,,,,,,,,
ἀδυνάτων,impossible,1,,,,,,,,
Πέρσης,the Persian,1,,,,,,,,
ἐκτήσατο πειθομένους,reduced to obedience,1,,,,,,,,
χαλεπῶν,difficult,1,,,,,,,,
ᾖ,might be,1,,,,,,,,
πόλεις,cities,1,,,,,,,,
πράττῃ,should go about,1,,,,,,,,
τοῦτο,it,1,,,,,,,,
ἐγένετο,there was,1,,,,,,,,
ἐνενοήσαμεν,we reflected,1,,,,,,,,
αὐτῷ,his,1,,,,,,,,
ἐθελήσαντας,willingly,1,,,,,,,,
ὑπακούειν,to be subjects,1,,,,,,,,
ἤθελον,they were willing,1,,,,,,,,
εὖ,well,1,,,,,,,,
οὐδ᾽,never,1,,,,,,,,
τοὺς δὲ,others,1,,,,,,,,
πώποτ᾽,never,1,,,,,,,,
ἂν ἴδοιεν,they should see,1,,,,,,,,
ἡμερῶν,of days,1,,,,,,,,
Κύρῳ,Cyrus,1,,,,,,,,
ἴσμεν,we know,1,,,,,,,,
γοῦν,At all events,1,,,,,,,,
παμπόλλων,many,1,,,,,,,,
μηνῶν,of months,1,,,,,,,,
αὐτόν,him,1,,,,,,,,
ὁδόν,a journey,1,,,,,,,,
παραλαβὼν,finding,1,,,,,,,,
ἀγαπῴη ἂν,he would be well content,1,,,,,,,,
διήνεγκε,different was he from,1,,,,,,,,
θάλατταν,the sea,1,,,,,,,,
ἐπάρξαι,to extend rule over,1,,,,,,,,
μὲν,and,1,,,,,,,,
Παφλαγόνων,Paphlagonians,1,,,,,,,,
ἡγήσατο,became the leader,1,,,,,,,,
παμπόλλων,very many,1,,,,,,,,
ἀμφοτέρους,both,1,,,,,,,,
ἀρχὰς,thrones,1,,,,,,,,
ἀπ᾽,of,1,,,,,,,,
ἔθνους,nation,1,,,,,,,,
ἐπῆρξε,he brought under his sway,1,,,,,,,,
Κιλίκων,Cilicia,1,,,,,,,,
ὡσαύτως,so,1,,,,,,,,
Κᾶρας,Caria,1,,,,,,,,
βασιλέων,kings,1,,,,,,,,
ἄρχων,in power over,1,,,,,,,,
δὲ,also,1,,,,,,,,
Ἰλλυριὸς,Illyrian,1,,,,,,,,
Κυπρίων,Cyprus,1,,,,,,,,
ὧν,of which,1,,,,,,,,
Φοίνικας,Phoenicia,1,,,,,,,,
καταβὰς,descending,1,,,,,,,,
Σύρους,Syria,1,,,,,,,,
στρατιᾷ,a band,1,,,,,,,,
αὐτόνομα,independent,1,,,,,,,,
Ἰνδῶν,India,1,,,,,,,,
ἀκούομεν,we are told,1,,,,,,,,
Βακτρίων,Bactria,1,,,,,,,,
τῇ Εὐρώπῃ,Europe,1,,,,,,,,
Λυδούς,Lydia,1,,,,,,,,
Ἀσσυρίους,Assyria,1,,,,,,,,
Μήδων,of the Medes,1,,,,,,,,
ἂν ἔχοι,could,1,,,,,,,,
δι᾽,by,1,,,,,,,,
τὰ,Those,1,,,,,,,,
οὐδενὸς,any,1,,,,,,,,
εἰπεῖν,tell,1,,,,,,,,
ἐν τῇ Ἀσίᾳ,Asiatic,1,,,,,,,,
ἑαυτῶν,their own,1,,,,,,,,
ἦρξε,he ruled over,1,,,,,,,,
Βαβυλωνίους,Babylonia,1,,,,,,,,
ὡσαύτως,likewise,1,,,,,,,,
διαγένοιτο,he could maintain,1,,,,,,,,
Ὑρκανίων,of the Hyrcanians,1,,,,,,,,
Μαγαδιδῶν,Magadidae,1,,,,,,,,
Σκυθῶν,the Scythians,1,,,,,,,,
ὁρμηθεὶς,started out,1,,,,,,,,
Φρύγας,Phrygias,1,,,,,,,,
Καππαδόκας,Cappadocia,1,,,,,,,,
λέγεται,are said,1,,,,,,,,
ὡσαύτως,in exactly the same way,1,,,,,,,,
Θρᾷξ,Thracian,1,,,,,,,,
Αἰγυπτίων,Egypt,1,,,,,,,,
γοῦν,at any rate,1,,,,,,,,
παμπόλλων,very numerous,1,,,,,,,,
Σακῶν,of the Sacians,1,,,,,,,,
ἔθνους,people,1,,,,,,,,
κατεστρέψατο,he conquered,1,,,,,,,,
ἄλλου,other,1,,,,,,,,
ἀλλήλων,one another,1,,,,,,,,
ὀλίγῃ,little,1,,,,,,,,
Ἀραβίους,Arabia,1,,,,,,,,
τῇ Ἀσίᾳ,Asia,1,,,,,,,,
ὀνόματα,names,1,,,,,,,,
Ἑλλήνων,Greeks,1,,,,,,,,
Κῦρος,Cyrus,1,,,,,,,,
αὐτῷ,him,1,,,,,,,,
φῦλα,the tribes,1,,,,,,,,
βασιλείων,palace,1,,,,,,,,
πρὸς,toward,1,,,,,,,,
ἀξιοῦν,they wished,1,,,,,,,,
ὥστε,that,1,,,,,,,,
ἤν,whether,1,,,,,,,,
ὅσα,that,1,,,,,,,,
διελθεῖν,to travel,1,,,,,,,,
ἕω,the east,1,,,,,,,,
τοσαύτην,so,1,,,,,,,,
ἐδυνάσθη,he was able,1,,,,,,,,
γῆν,a region,1,,,,,,,,
ἄρκτον,the north,1,,,,,,,,
ἐπιθυμίαν,a desire,1,,,,,,,,
ὅποι,in whatever direction,1,,,,,,,,
ἐστίν,it is,1,,,,,,,,
δὲ,Moreover,1,,,,,,,,
τοσαῦτα,so many,1,,,,,,,,
οὔτε,nor,1,,,,,,,,
ἄρξηταί,begin,1,,,,,,,,
ἑσπέραν,the west,1,,,,,,,,
ἐφικέσθαι,to cover,1,,,,,,,,
αὐτῷ,as he,1,,,,,,,,
φόβῳ,with fear,1,,,,,,,,
ἐπιχειρεῖν,tried to withstand,1,,,,,,,,
χαρίζεσθαι,to please,1,,,,,,,,
καταπλῆξαι,he struck,1,,,,,,,,
κυβερνᾶσθαι,to be guided,1,,,,,,,,
ἤν,or,1,,,,,,,,
τοσαύτην,so vast,1,,,,,,,,
ἔργον,a difficult matter,1,,,,,,,,
ἦρξεν,He ruled over,1,,,,,,,,
μεσημβρίαν,the south,1,,,,,,,,
γνώμῃ,by will,1,,,,,,,,
ἀνηρτήσατο,he brought into subjection,1,,,,,,,,
ποίαν,what,1,,,,,,,,
εἰς,in,1,,,,,,,,
ὢν,he was,1,,,,,,,,
ἄνδρα,man,1,,,,,,,,
ἡμεῖς,we,1,,,,,,,,
ἔχων,he possessed,1,,,,,,,,
τίς,who,1,,,,,,,,
ὄντα,to be,1,,,,,,,,
γενεὰν,in origin,1,,,,,,,,
τὸ ἄρχειν,governing,1,,,,,,,,
ἐσκεψάμεθα,have investigated,1,,,,,,,,
παιδείᾳ,education,1,,,,,,,,
διήνεγκεν,he excelled,1,,,,,,,,
τοσοῦτον,so greatly,1,,,,,,,,
ἄξιον,deserving,1,,,,,,,,
πειρασόμεθα,we shall endeavour,1,,,,,,,,
ᾐσθῆσθαι,think,1,,,,,,,,
ἐπυθόμεθα,we have found out,1,,,,,,,,
περὶ,concerning,1,,,,,,,,
δοκοῦμεν,we know,1,,,,,,,,
οὖν,Accordingly,1,,,,,,,,
διηγήσασθαι,to present,1,,,,,,,,
Περσειδῶν,of Persidae,1,,,,,,,,
γένους,the stock,1,,,,,,,,
οὗτος,this,1,,,,,,,,
γενέσθαι,was,1,,,,,,,,
Περσέως,Perseus,1,,,,,,,,
βασιλέως,king,1,,,,,,,,
θυγάτηρ,the daughter,1,,,,,,,,
ἦν,belonged to,1,,,,,,,,
ἡ Μανδάνη,Mandane,1,,,,,,,,
ὁ Καμβύσης,Cambyses,1,,,,,,,,
λέγεται,is said,1,,,,,,,,
πατρὸς,The father,1,,,,,,,,
Καμβύσου,Cambyses,1,,,,,,,,
Ἀστυάγους,of Astyages,1,,,,,,,,
γενέσθαι,to have been,1,,,,,,,,
Περσεῖδαι,Persidae,1,,,,,,,,
κλῄζονται,derive their name,1,,,,,,,,
Μανδάνης,Mandane,1,,,,,,,,
εἶδος,in person,1,,,,,,,,
κάλλιστος,most handsome,1,,,,,,,,
φιλομαθέστατος,most devoted to learning,1,,,,,,,,
ψυχὴν,of heart,1,,,,,,,,
ὑπομεῖναι,faced,1,,,,,,,,
φιλανθρωπότατος,most generous,1,,,,,,,,
πόνον,labour,1,,,,,,,,
κίνδυνον,danger,1,,,,,,,,
λέγεται,tell in story,1,,,,,,,,
βαρβάρων,barbarians,1,,,,,,,,
φιλοτιμότατος,most ambitious,1,,,,,,,,
φῦναι,was,1,,,,,,,,
δοκεῖ,seems,1,,,,,,,,
τοῦτο,such,1,,,,,,,,
πόλεμον,war,1,,,,,,,,
πρὸς,for,1,,,,,,,,
ἄλλων,others,1,,,,,,,,
αὐτός,he,1,,,,,,,,
ὅτι,for the reason that,1,,,,,,,,
ἐπιμέλονται,They provide,1,,,,,,,,
ἀληθεστάτη,best,1,,,,,,,,
ἡγεμών,leader,1,,,,,,,,
τοῦ θηρᾶν,hunting,1,,,,,,,,
διὰ,for,1,,,,,,,,
θηρῶσιν,hunt,1,,,,,,,,
μελέτη,preparation,1,,,,,,,,
θηρίον,a wild beast,1,,,,,,,,
ἐθίζει,it accustoms,1,,,,,,,,
τοξεῦσαι,to shoot,1,,,,,,,,
ἀνέχεσθαι,to endure,1,,,,,,,,
ἀκοντίσαι,spear,1,,,,,,,,
ἀνίστασθαι,to rise,1,,,,,,,,
γυμνάζει,it gives practice,1,,,,,,,,
δρόμοις,runs,1,,,,,,,,
ψυχὴν,courage,1,,,,,,,,
θήρᾳ,chase,1,,,,,,,,
τί,any,1,,,,,,,,
ὥστε,In a word,1,,,,,,,,
δήπου,of course,1,,,,,,,,
ἀλκίμων,fierce,1,,,,,,,,
εὑρεῖν,to find,1,,,,,,,,
ἀνθιστῆται,shows fight,1,,,,,,,,
παίειν,strike down,1,,,,,,,,
ὁμόσε,to close quarters,1,,,,,,,,
θηρίων,of beasts,1,,,,,,,,
μορφῆς,physical,1,,,,,,,,
ἐπαιδεύθη,he was educated,1,,,,,,,,
ἀγαθοῦ,weal,1,,,,,,,,
ψυχῆς,spiritual,1,,,,,,,,
διαμνημονεύεται,he is reputed,1,,,,,,,,
ἔχων,to have had,1,,,,,,,,
ἄρχεσθαι,to start from,1,,,,,,,,
τοιαύτην,Such,1,,,,,,,,
δοκοῦσιν,appear,1,,,,,,,,
νόμοις,the laws,1,,,,,,,,
οὗτοι,these,1,,,,,,,,
κοινοῦ,common,1,,,,,,,,
πλείσταις,most,1,,,,,,,,
ἄρχοντι,an officer,1,,,,,,,,
βίᾳ παριέναι,to break,1,,,,,,,,
ἁρπάζειν,to rob,1,,,,,,,,
πόλεις,states,1,,,,,,,,
μηδὲ,and not,1,,,,,,,,
τις,he,1,,,,,,,,
ἀπειθεῖν,to disobey,1,,,,,,,,
αὐτοῖς,them,1,,,,,,,,
ὅπως,as,1,,,,,,,,
παιδεύειν,to train,1,,,,,,,,
οἰκίαν,house,1,,,,,,,,
ἔπειτα,then,1,,,,,,,,
ἐθέλει,will,1,,,,,,,,
διάγειν,to live,1,,,,,,,,
τις,a man,1,,,,,,,,
μὴ,no,1,,,,,,,,
εἰς,into,1,,,,,,,,
πρεσβυτέρους,older people,1,,,,,,,,
προστάττουσιν,they command,1,,,,,,,,
κλέπτειν,to steal,1,,,,,,,,
τἆλλα τὰ τοιαῦτα ὡσαύτως,so forth,1,,,,,,,,
ἐθέλουσι,they please,1,,,,,,,,
ὅπως,just as,1,,,,,,,,
παραβαίνῃ,transgress,1,,,,,,,,
ἀφεῖσαι,permit,1,,,,,,,,
παίειν,to strike,1,,,,,,,,
μοιχεύειν,to commit adultery,1,,,,,,,,
πλεῖσται,most,1,,,,,,,,
πονηροῦ,improper,1,,,,,,,,
ἀγορὰ,Square,1,,,,,,,,
βασίλεια,royal palace,1,,,,,,,,
ἔσονται,shall be,1,,,,,,,,
πεποίηται,are located,1,,,,,,,,
τινος,anything,1,,,,,,,,
Περσικοὶ,Persian,1,,,,,,,,
ἐπιμέλονται,take care,1,,,,,,,,
αἰσχροῦ,immoral,1,,,,,,,,
τά,the,1,,,,,,,,
καλουμένη,so-called,1,,,,,,,,
ἀρχὴν,first,1,,,,,,,,
ἐλευθέρα,Free,1,,,,,,,,
ἔνθα,where,1,,,,,,,,
ἐφίεσθαι,to desire,1,,,,,,,,
ἔστιν αὐτοῖς,They have,1,,,,,,,,
ὤνια,hucksters,1,,,,,,,,
τούτων,their,1,,,,,,,,
πεπαιδευμένων,of cultured,1,,,,,,,,
ἄλλον,another,1,,,,,,,,
τύρβη,tumult,1,,,,,,,,
ὡς,in order that,1,,,,,,,,
τόπον,part,1,,,,,,,,
φωναὶ,cries,1,,,,,,,,
ἀγοραῖοι,wares,1,,,,,,,,
ἀπειροκαλίαι,vulgarities,1,,,,,,,,
ἀγορὰ,square,1,,,,,,,,
ἐφήβοις,to the youths,1,,,,,,,,
ὑπὲρ,past,1,,,,,,,,
γεγονόσι,who are,1,,,,,,,,
τέτταρα,four,1,,,,,,,,
στρατεύσιμα,for military service,1,,,,,,,,
τοῖς,to those,1,,,,,,,,
ἓν,one,1,,,,,,,,
ἀνδράσιν,to the men,1,,,,,,,,
μέρη,parts,1,,,,,,,,
τελείοις,of mature years,1,,,,,,,,
αὕτη,This,1,,,,,,,,
ἄλλο,another,1,,,,,,,,
ἔτη,age,1,,,,,,,,
διῄρηται,is divided into,1,,,,,,,,
ἐν,on,1,,,,,,,,
ἑκάστῳ,each one,1,,,,,,,,
χώρας,quarters,1,,,,,,,,
ἂν προχωρῇ,may come,1,,,,,,,,
ἅμα τῇ ἡμέρᾳ,at daybreak,1,,,,,,,,
τέλειοι,full-grown,1,,,,,,,,
ἡμέραις,days,1,,,,,,,,
πλὴν,except that,1,,,,,,,,
τεταγμέναις,specified,1,,,,,,,,
παρεῖναι,present,1,,,,,,,,
γεραίτεροι,elders,1,,,,,,,,
νόμῳ,the laws,1,,,,,,,,
ἑαυτῶν,their,1,,,,,,,,
ἢν μὴ,unless,1,,,,,,,,
πλὴν,except,1,,,,,,,,
πολλάκις,too often,1,,,,,,,,
προρρηθῇ,they be ordered in advance,1,,,,,,,,
ἔφηβοι,youths,1,,,,,,,,
γεγαμηκότων,who are married,1,,,,,,,,
γυμνητικοῖς,light,1,,,,,,,,
ἀπεῖναι,to be absent,1,,,,,,,,
παρεῖναι,to be there,1,,,,,,,,
ὅπλοις,armour,1,,,,,,,,
οὗτοι,such,1,,,,,,,,
κοιμῶνται,pass the night,1,,,,,,,,
σὺν,in,1,,,,,,,,
οὔτε,no,1,,,,,,,,
τῶν,those,1,,,,,,,,
ἑκάστῳ,each,1,,,,,,,,
μερῶν,of divisions,1,,,,,,,,
ἐφ᾽,Over,1,,,,,,,,
εἰσι,there are,1,,,,,,,,
διῄρηνται,are divided into,1,,,,,,,,
φυλαὶ,tribes,1,,,,,,,,
δώδεκα,twelve,1,,,,,,,,
Περσῶν,the Persians,1,,,,,,,,
τελείων,mature,1,,,,,,,,
ἐφήβους,youths,1,,,,,,,,
ἀρχῆς,authorities,1,,,,,,,,
εἰσὶ,are,1,,,,,,,,
τελείοις,mature,1,,,,,,,,
οὗτοι,those,1,,,,,,,,
ὑπὸ,of,1,,,,,,,,
ᾑρημένοι,selected,1,,,,,,,,
οἳ,those,1,,,,,,,,
ᾑρημένοι,chosen,1,,,,,,,,
βελτίστους,best,1,,,,,,,,
ἐπὶ,of,1,,,,,,,,
ἐφήβοις,youths,1,,,,,,,,
προστάται,chiefs,1,,,,,,,,
ἀποτελῶσιν,do,1,,,,,,,,
γεραιτέρων,of elders,1,,,,,,,,
παρέχειν,to develop,1,,,,,,,,
μάλιστα,best,1,,,,,,,,
τὰ παραγγελλόμενα,requirements,1,,,,,,,,
μεγίστης,highest,1,,,,,,,,
προστατεύουσιν,act as overseers,1,,,,,,,,
ποιοῦντας,to execute,1,,,,,,,,
παισὶν,boys,1,,,,,,,,
εἰσὶν,are,1,,,,,,,,
ἂν δοκῶσι,seem likely,1,,,,,,,,
τεταγμένα,orders,1,,,,,,,,
παρέχειν,to fit,1,,,,,,,,
βέλτιστοι,the very best,1,,,,,,,,
ἑκάστῃ,each,1,,,,,,,,
μᾶλλον,better,1,,,,,,,,
ἐπιμέλονται,take,1,,,,,,,,
διηγησόμεθα,we shall set forth,1,,,,,,,,
ποιεῖν,to perform,1,,,,,,,,
μαθησόμενοι,to learn,1,,,,,,,,
ἔρχονται,they go,1,,,,,,,,
φοιτῶντες,go,1,,,,,,,,
διδασκαλεῖα,school,1,,,,,,,,
λέγουσιν,they say,1,,,,,,,,
διάγουσι,spend time,1,,,,,,,,
ἐπὶ,for,1,,,,,,,,
γράμματα,to read and write,1,,,,,,,,
δικαιοσύνην,justice,1,,,,,,,,
μανθάνοντες,in learning,1,,,,,,,,
αὐτοῖς,for them,1,,,,,,,,
πλεῖστον,greater part,1,,,,,,,,
ἡμέρας,of day,1,,,,,,,,
αὐτῶν,their,1,,,,,,,,
διατελοῦσι,spend,1,,,,,,,,
τιμωροῦνται,they punish,1,,,,,,,,
ἀπάτης,cheating,1,,,,,,,,
ἁρπαγῆς,robbery,1,,,,,,,,
ἀδικοῦντας,committing crimes,1,,,,,,,,
κακολογίας,slander,1,,,,,,,,
παισὶ,boys,1,,,,,,,,
κλοπῆς,of theft,1,,,,,,,,
οὓς,any one,1,,,,,,,,
βίας,assault,1,,,,,,,,
πρὸς,against,1,,,,,,,,
γνῶσι,they discover,1,,,,,,,,
εὑρίσκωσι,they find,1,,,,,,,,
ἐγκαλοῦντα,accusing,1,,,,,,,,
ἀδίκως,falsely,1,,,,,,,,
γνῶσι,they know,1,,,,,,,,
οὗ,which,1,,,,,,,,
δικάζονται,go to law,1,,,,,,,,
ἰσχυρῶς,severely,1,,,,,,,,
χάριν,a favour,1,,,,,,,,
ὃν,any one,1,,,,,,,,
ἥκιστα,least,1,,,,,,,,
μισοῦσι,hate,1,,,,,,,,
ἄνθρωποι,people,1,,,,,,,,
δικάζουσι,they bring to trial,1,,,,,,,,
τοῦτον,him,1,,,,,,,,
δυνάμενον,is able,1,,,,,,,,
ἕνεκα,for,1,,,,,,,,
ἀποδιδόναι,to return,1,,,,,,,,
ἀναισχυντία,shamelessness,1,,,,,,,,
πατρίδα,country,1,,,,,,,,
ἕπεσθαι,goes hand in hand,1,,,,,,,,
γονέας,parents,1,,,,,,,,
ἀχαρίστους,ungrateful,1,,,,,,,,
δοκεῖ,we know,1,,,,,,,,
τὰ αἰσχρὰ,moral wrong,1,,,,,,,,
πάντα,every,1,,,,,,,,
περὶ,toward,1,,,,,,,,
θεοὺς,gods,1,,,,,,,,
αὕτη,that,1,,,,,,,,
εἶναι,it is,1,,,,,,,,
ἀμελῶς,neglectful,1,,,,,,,,
οἴονται,they think,1,,,,,,,,
ἀχαριστίᾳ,with ingratitude,1,,,,,,,,
ὁρῶσιν,they see,1,,,,,,,,
διδάσκουσι,They teach,1,,,,,,,,
σωφρόνως,temperately,1,,,,,,,,
διάγοντας,living,1,,,,,,,,
συμβάλλεται,it conduces,1,,,,,,,,
ἀνὰ πᾶσαν ἡμέραν,day by day,1,,,,,,,,
σωφροσύνην,self-control,1,,,,,,,,
καὶ,likewise,1,,,,,,,,
ἄρχουσι,officers,1,,,,,,,,
ἰσχυρῶς,implicitly,1,,,,,,,,
πειθομένους,obeying,1,,,,,,,,
πείθεσθαι,to obey,1,,,,,,,,
ἄρχουσιν,officers,1,,,,,,,,
ἀπιόντας,leave,1,,,,,,,,
μητρὶ,mothers,1,,,,,,,,
ὅταν,from the time,1,,,,,,,,
γαστρὸς,in eating,1,,,,,,,,
παρὰ,with,1,,,,,,,,
διδασκάλῳ,teachers,1,,,,,,,,
ἐγκράτειαν,self-restraint,1,,,,,,,,
ἀφῶσιν,dismiss,1,,,,,,,,
τῷ,their,1,,,,,,,,
ποτοῦ,drinking,1,,,,,,,,
δὲ,Furthermore,1,,,,,,,,
ἀρύσασθαι,draw water,1,,,,,,,,
σῖτον,bread,1,,,,,,,,
ἄρτον,food,1,,,,,,,,
κώθωνα,a cup,1,,,,,,,,
τις,any one,1,,,,,,,,
κάρδαμον,cress,1,,,,,,,,
διψῇ,is thirsty,1,,,,,,,,
οἴκοθεν,from home,1,,,,,,,,
ποταμοῦ,river,1,,,,,,,,
ὡς,to,1,,,,,,,,
φέρονται,they bring,1,,,,,,,,
ὄψον,a relish,1,,,,,,,,
τούτοις,this,1,,,,,,,,
τοξεύειν,to shoot,1,,,,,,,,
μανθάνουσι,they learn,1,,,,,,,,
πρὸς,Besides,1,,,,,,,,
ἀκοντίζειν,to throw the spear,1,,,,,,,,
ἀπὸ,of,1,,,,,,,,
γενεᾶς,age,1,,,,,,,,
ἐφήβους,young men,1,,,,,,,,
ἐτῶν,years,1,,,,,,,,
ἐκ,after,1,,,,,,,,
ταῦτα,This,1,,,,,,,,
πράττουσιν,do,1,,,,,,,,
μέχρι,until,1,,,,,,,,
εἰς,among,1,,,,,,,,
τούτου,this,1,,,,,,,,
προειρήκαμεν,we said before,1,,,,,,,,
ἐξέλθωσι,they are promoted,1,,,,,,,,
διάγουσιν,live,1,,,,,,,,
αὕτη,this,1,,,,,,,,
παίδων,of boys,1,,,,,,,,
ἑαυτοὺς,themselves,1,,,,,,,,
πόλεως,city,1,,,,,,,,
κοινοῦ,state,1,,,,,,,,
ἡλικία,time of life,1,,,,,,,,
ἀφ᾽,after,1,,,,,,,,
δέκα,ten,1,,,,,,,,
δεῖσθαι,demands,1,,,,,,,,
ἡμέραν,during day,1,,,,,,,,
παρέχουσι,they put at the disposal,1,,,,,,,,
ἔτη,for years,1,,,,,,,,
ἔφηβοι,young men,1,,,,,,,,
κοιμῶνται,they pass the nights,1,,,,,,,,
αὖ,Now,1,,,,,,,,
δέωνται,they are needed,1,,,,,,,,
ἐπιμελείας,care,1,,,,,,,,
ὑπὲρ,to,1,,,,,,,,
ὅταν,Whenever,1,,,,,,,,
μηνός,a month,1,,,,,,,,
μένουσι,they remain,1,,,,,,,,
δέῃ,it is necessary,1,,,,,,,,
ἐξίῃ,goes out,1,,,,,,,,
πολλάκις,many times,1,,,,,,,,
φυλακῆς,garrison,1,,,,,,,,
ποιεῖ,he does,1,,,,,,,,
ἐξάγει,he takes out,1,,,,,,,,
ἀρχεῖα,public buildings,1,,,,,,,,
δύο,two,1,,,,,,,,
ἂν δέῃ,in case of necessity,1,,,,,,,,
σάγαριν,bill,1,,,,,,,,
τοὺς,Those,1,,,,,,,,
γέρρον,a light shield,1,,,,,,,,
παλτὰ,spears,1,,,,,,,,
ἐκ χειρὸς,in a hand-to-hand encounter,1,,,,,,,,
ἐξιόντας,who go,1,,,,,,,,
κολεῷ,scabbard,1,,,,,,,,
φαρέτραν,quiver,1,,,,,,,,
κοπίδα,a sabre,1,,,,,,,,
τόξα,bow and arrows,1,,,,,,,,
ἔχειν,take,1,,,,,,,,
χρῆσθαι,to use,1,,,,,,,,
παρὰ,in addition to,1,,,,,,,,
τῷ δ᾽,the other,1,,,,,,,,